2026-03-29 21:07:41,223 [Worker-8: Loading available Gradle versions] INFO  o.e.b.c.i.u.g.PublishedGradleVersions - Gradle version information cache is up-to-date. Trying to read.
2026-03-29 21:10:33,179 [Worker-1: Import Getting Started Content] INFO  o.e.m.c.i.l.LifecycleMappingFactory - Using org.eclipse.m2e.jdt.JarLifecycleMapping lifecycle mapping for MavenProject: com.example:AuthService:0.0.1-SNAPSHOT @ C:\Users\astut\OneDrive\Desktop\Project\AuthService\pom.xml.
2026-03-29 21:10:35,376 [Worker-1: Import Getting Started Content] INFO  o.e.m.j.i.AbstractJavaProjectConfigurator - Adding source folder /AuthService/src/main/java
2026-03-29 21:10:35,377 [Worker-1: Import Getting Started Content] INFO  o.e.m.j.i.AbstractJavaProjectConfigurator - Adding resource folder /AuthService/src/main/resources
2026-03-29 21:10:35,392 [Worker-1: Import Getting Started Content] INFO  o.e.m.j.i.AbstractJavaProjectConfigurator - Adding resource folder /AuthService/src/main/resources
2026-03-29 21:10:35,399 [Worker-1: Import Getting Started Content] INFO  o.e.m.j.i.AbstractJavaProjectConfigurator - Adding source folder /AuthService/src/test/java
2026-03-29 21:10:36,497 [Worker-1: Import Getting Started Content] WARN  o.e.m.c.i.embedder.EclipseLogger - The POM for org.projectlombok:lombok:jar: is missing, no dependency information available
2026-03-29 21:10:36,503 [Worker-1: Import Getting Started Content] ERROR o.e.m.a.i.u.PluginDependencyResolver - Unable to collect dependencies for plugin
org.eclipse.aether.resolution.DependencyResolutionException: org.projectlombok:lombok:jar: was not found in https://repo.maven.apache.org/maven2 during a previous attempt. This failure was cached in the local repository and resolution is not reattempted until the update interval of central has elapsed or updates are forced
	at org.eclipse.aether.internal.impl.DefaultRepositorySystem.resolveDependencies(DefaultRepositorySystem.java:357)
	at org.eclipse.m2e.apt.internal.utils.PluginDependencyResolver.getResolvedPluginDependencies(PluginDependencyResolver.java:106)
	at org.eclipse.m2e.apt.internal.compiler.MavenCompilerJdtAptDelegate.getAnnotationProcessorConfiguration(MavenCompilerJdtAptDelegate.java:172)
	at org.eclipse.m2e.apt.internal.AbstractAptConfiguratorDelegate.configureClasspath(AbstractAptConfiguratorDelegate.java:242)
	at org.eclipse.m2e.apt.internal.AbstractAptProjectConfigurator.lambda$1(AbstractAptProjectConfigurator.java:156)
	at org.eclipse.m2e.core.internal.embedder.MavenExecutionContext.executeBare(MavenExecutionContext.java:394)
	at org.eclipse.m2e.core.internal.embedder.MavenExecutionContext.execute(MavenExecutionContext.java:275)
	at org.eclipse.m2e.core.internal.embedder.MavenExecutionContext.execute(MavenExecutionContext.java:214)
	at org.eclipse.m2e.apt.internal.AbstractAptProjectConfigurator.configureRawClasspath(AbstractAptProjectConfigurator.java:150)
	at org.eclipse.m2e.jdt.internal.AbstractJavaProjectConfigurator.invokeJavaProjectConfigurators(AbstractJavaProjectConfigurator.java:213)
	at org.eclipse.m2e.jdt.internal.AbstractJavaProjectConfigurator.configure(AbstractJavaProjectConfigurator.java:172)
	at org.eclipse.m2e.core.project.configurator.AbstractLifecycleMapping.configure(AbstractLifecycleMapping.java:123)
	at org.eclipse.m2e.core.internal.project.ProjectConfigurationManager.lambda$6(ProjectConfigurationManager.java:504)
	at org.eclipse.m2e.core.internal.embedder.MavenExecutionContext.executeBare(MavenExecutionContext.java:394)
	at org.eclipse.m2e.core.internal.embedder.MavenExecutionContext.execute(MavenExecutionContext.java:275)
	at org.eclipse.m2e.core.internal.project.ProjectConfigurationManager.updateProjectConfiguration(ProjectConfigurationManager.java:498)
	at org.eclipse.m2e.core.internal.project.ProjectConfigurationManager.configureNewMavenProjects(ProjectConfigurationManager.java:279)
	at org.eclipse.m2e.core.internal.project.ProjectConfigurationManager.lambda$1(ProjectConfigurationManager.java:166)
	at org.eclipse.m2e.core.internal.embedder.MavenExecutionContext.executeBare(MavenExecutionContext.java:394)
	at org.eclipse.m2e.core.internal.embedder.MavenExecutionContext.execute(MavenExecutionContext.java:275)
	at org.eclipse.m2e.core.internal.embedder.MavenExecutionContext.execute(MavenExecutionContext.java:214)
	at org.eclipse.m2e.core.internal.project.ProjectConfigurationManager.importProjects(ProjectConfigurationManager.java:139)
	at org.eclipse.m2e.core.internal.project.ProjectConfigurationManager.importProjects(ProjectConfigurationManager.java:130)
	at org.springframework.ide.eclipse.boot.wizard.importing.MavenStrategy.createEclipseProjectFromExistingMavenProject(MavenStrategy.java:134)
	at org.springframework.ide.eclipse.boot.wizard.importing.MavenStrategy$MavenCodeSetImport.run(MavenStrategy.java:85)
	at org.springframework.ide.eclipse.boot.wizard.importing.MavenStrategy$MavenCodeSetImport.run(MavenStrategy.java:1)
	at org.springframework.ide.eclipse.boot.wizard.NewSpringBootWizardModel.importProject(NewSpringBootWizardModel.java:343)
	at org.springframework.ide.eclipse.boot.wizard.NewSpringBootWizardModel.performFinish(NewSpringBootWizardModel.java:322)
	at org.springframework.ide.eclipse.boot.wizard.NewSpringBootWizard$1.runInWorkspace(NewSpringBootWizard.java:239)
	at org.eclipse.core.internal.resources.InternalWorkspaceJob.run(InternalWorkspaceJob.java:43)
	at org.eclipse.core.internal.jobs.Worker.run(Worker.java:63)
Caused by: org.eclipse.aether.resolution.ArtifactResolutionException: org.projectlombok:lombok:jar: was not found in https://repo.maven.apache.org/maven2 during a previous attempt. This failure was cached in the local repository and resolution is not reattempted until the update interval of central has elapsed or updates are forced
	at org.eclipse.aether.internal.impl.DefaultArtifactResolver.resolve(DefaultArtifactResolver.java:425)
	at org.eclipse.aether.internal.impl.DefaultArtifactResolver.resolveArtifacts(DefaultArtifactResolver.java:229)
	at org.eclipse.aether.internal.impl.DefaultRepositorySystem.resolveDependencies(DefaultRepositorySystem.java:340)
	... 30 common frames omitted
Caused by: org.eclipse.aether.transfer.ArtifactNotFoundException: org.projectlombok:lombok:jar: was not found in https://repo.maven.apache.org/maven2 during a previous attempt. This failure was cached in the local repository and resolution is not reattempted until the update interval of central has elapsed or updates are forced
	at org.eclipse.aether.internal.impl.DefaultUpdateCheckManager.newException(DefaultUpdateCheckManager.java:217)
	at org.eclipse.aether.internal.impl.DefaultUpdateCheckManager.checkArtifact(DefaultUpdateCheckManager.java:189)
	at org.eclipse.aether.internal.impl.DefaultArtifactResolver.gatherDownloads(DefaultArtifactResolver.java:574)
	at org.eclipse.aether.internal.impl.DefaultArtifactResolver.performDownloads(DefaultArtifactResolver.java:484)
	at org.eclipse.aether.internal.impl.DefaultArtifactResolver.resolve(DefaultArtifactResolver.java:402)
	... 32 common frames omitted
2026-03-29 21:10:36,685 [Worker-9: Updating Maven Project] INFO  o.e.m.c.i.p.ProjectConfigurationManager - Update started
2026-03-29 21:10:37,311 [Worker-9: Updating Maven Project] INFO  o.e.m.c.i.l.LifecycleMappingFactory - Using org.eclipse.m2e.jdt.JarLifecycleMapping lifecycle mapping for MavenProject: com.example:AuthService:0.0.1-SNAPSHOT @ C:\Users\astut\OneDrive\Desktop\Project\AuthService\pom.xml.
2026-03-29 21:10:39,075 [Worker-9: Updating Maven Project] INFO  o.e.m.j.i.AbstractJavaProjectConfigurator - Adding source folder /AuthService/src/main/java
2026-03-29 21:10:39,076 [Worker-9: Updating Maven Project] INFO  o.e.m.j.i.AbstractJavaProjectConfigurator - Adding resource folder /AuthService/src/main/resources
2026-03-29 21:10:39,077 [Worker-9: Updating Maven Project] INFO  o.e.m.j.i.AbstractJavaProjectConfigurator - Adding resource folder /AuthService/src/main/resources
2026-03-29 21:10:39,078 [Worker-9: Updating Maven Project] INFO  o.e.m.j.i.AbstractJavaProjectConfigurator - Adding source folder /AuthService/src/test/java
2026-03-29 21:10:39,126 [Worker-9: Updating Maven Project] WARN  o.e.m.c.i.embedder.EclipseLogger - The POM for org.projectlombok:lombok:jar: is missing, no dependency information available
2026-03-29 21:10:39,129 [Worker-9: Updating Maven Project] ERROR o.e.m.a.i.u.PluginDependencyResolver - Unable to collect dependencies for plugin
org.eclipse.aether.resolution.DependencyResolutionException: org.projectlombok:lombok:jar: was not found in https://repo.maven.apache.org/maven2 during a previous attempt. This failure was cached in the local repository and resolution is not reattempted until the update interval of central has elapsed or updates are forced
	at org.eclipse.aether.internal.impl.DefaultRepositorySystem.resolveDependencies(DefaultRepositorySystem.java:357)
	at org.eclipse.m2e.apt.internal.utils.PluginDependencyResolver.getResolvedPluginDependencies(PluginDependencyResolver.java:106)
	at org.eclipse.m2e.apt.internal.compiler.MavenCompilerJdtAptDelegate.getAnnotationProcessorConfiguration(MavenCompilerJdtAptDelegate.java:172)
	at org.eclipse.m2e.apt.internal.AbstractAptConfiguratorDelegate.configureClasspath(AbstractAptConfiguratorDelegate.java:242)
	at org.eclipse.m2e.apt.internal.AbstractAptProjectConfigurator.lambda$1(AbstractAptProjectConfigurator.java:156)
	at org.eclipse.m2e.core.internal.embedder.MavenExecutionContext.executeBare(MavenExecutionContext.java:394)
	at org.eclipse.m2e.core.internal.embedder.MavenExecutionContext.execute(MavenExecutionContext.java:275)
	at org.eclipse.m2e.core.internal.embedder.MavenExecutionContext.execute(MavenExecutionContext.java:214)
	at org.eclipse.m2e.apt.internal.AbstractAptProjectConfigurator.configureRawClasspath(AbstractAptProjectConfigurator.java:150)
	at org.eclipse.m2e.jdt.internal.AbstractJavaProjectConfigurator.invokeJavaProjectConfigurators(AbstractJavaProjectConfigurator.java:213)
	at org.eclipse.m2e.jdt.internal.AbstractJavaProjectConfigurator.configure(AbstractJavaProjectConfigurator.java:172)
	at org.eclipse.m2e.core.project.configurator.AbstractLifecycleMapping.configure(AbstractLifecycleMapping.java:123)
	at org.eclipse.m2e.core.internal.project.ProjectConfigurationManager.lambda$6(ProjectConfigurationManager.java:504)
	at org.eclipse.m2e.core.internal.embedder.MavenExecutionContext.executeBare(MavenExecutionContext.java:394)
	at org.eclipse.m2e.core.internal.embedder.MavenExecutionContext.execute(MavenExecutionContext.java:275)
	at org.eclipse.m2e.core.internal.project.ProjectConfigurationManager.updateProjectConfiguration(ProjectConfigurationManager.java:498)
	at org.eclipse.m2e.core.internal.project.ProjectConfigurationManager.lambda$4(ProjectConfigurationManager.java:426)
	at java.base/java.util.Collection.removeIf(Collection.java:576)
	at org.eclipse.m2e.core.internal.project.ProjectConfigurationManager.updateProjectConfiguration0(ProjectConfigurationManager.java:414)
	at org.eclipse.m2e.core.internal.project.ProjectConfigurationManager.lambda$3(ProjectConfigurationManager.java:340)
	at org.eclipse.m2e.core.internal.embedder.MavenExecutionContext.executeBare(MavenExecutionContext.java:394)
	at org.eclipse.m2e.core.internal.embedder.MavenExecutionContext.execute(MavenExecutionContext.java:275)
	at org.eclipse.m2e.core.internal.embedder.MavenExecutionContext.execute(MavenExecutionContext.java:214)
	at org.eclipse.m2e.core.internal.embedder.MavenImpl.execute(MavenImpl.java:1097)
	at org.eclipse.m2e.core.internal.project.ProjectConfigurationManager.updateProjectConfiguration(ProjectConfigurationManager.java:339)
	at org.eclipse.m2e.core.ui.internal.UpdateMavenProjectJob.runInWorkspace(UpdateMavenProjectJob.java:80)
	at org.eclipse.core.internal.resources.InternalWorkspaceJob.run(InternalWorkspaceJob.java:43)
	at org.eclipse.core.internal.jobs.Worker.run(Worker.java:63)
Caused by: org.eclipse.aether.resolution.ArtifactResolutionException: org.projectlombok:lombok:jar: was not found in https://repo.maven.apache.org/maven2 during a previous attempt. This failure was cached in the local repository and resolution is not reattempted until the update interval of central has elapsed or updates are forced
	at org.eclipse.aether.internal.impl.DefaultArtifactResolver.resolve(DefaultArtifactResolver.java:425)
	at org.eclipse.aether.internal.impl.DefaultArtifactResolver.resolveArtifacts(DefaultArtifactResolver.java:229)
	at org.eclipse.aether.internal.impl.DefaultRepositorySystem.resolveDependencies(DefaultRepositorySystem.java:340)
	... 27 common frames omitted
Caused by: org.eclipse.aether.transfer.ArtifactNotFoundException: org.projectlombok:lombok:jar: was not found in https://repo.maven.apache.org/maven2 during a previous attempt. This failure was cached in the local repository and resolution is not reattempted until the update interval of central has elapsed or updates are forced
	at org.eclipse.aether.internal.impl.DefaultUpdateCheckManager.newException(DefaultUpdateCheckManager.java:217)
	at org.eclipse.aether.internal.impl.DefaultUpdateCheckManager.checkArtifact(DefaultUpdateCheckManager.java:189)
	at org.eclipse.aether.internal.impl.DefaultArtifactResolver.gatherDownloads(DefaultArtifactResolver.java:574)
	at org.eclipse.aether.internal.impl.DefaultArtifactResolver.performDownloads(DefaultArtifactResolver.java:484)
	at org.eclipse.aether.internal.impl.DefaultArtifactResolver.resolve(DefaultArtifactResolver.java:402)
	... 29 common frames omitted
2026-03-29 21:10:39,141 [Worker-9: Updating Maven Project] INFO  o.e.m.c.i.p.ProjectConfigurationManager - Update completed for 1 poms: local refresh takes 0.00 sec, refresh facades takes 2.00 sec, update config takes 0.00 sec 
2026-03-29 21:10:39,444 [Worker-5: Updating Maven Project] INFO  o.e.m.c.i.p.ProjectConfigurationManager - Update started
2026-03-29 21:10:40,180 [Worker-5: Updating Maven Project] INFO  o.e.m.c.i.l.LifecycleMappingFactory - Using org.eclipse.m2e.jdt.JarLifecycleMapping lifecycle mapping for MavenProject: com.example:AuthService:0.0.1-SNAPSHOT @ C:\Users\astut\OneDrive\Desktop\Project\AuthService\pom.xml.
2026-03-29 21:10:41,604 [Worker-5: Updating Maven Project] INFO  o.e.m.j.i.AbstractJavaProjectConfigurator - Adding source folder /AuthService/src/main/java
2026-03-29 21:10:41,605 [Worker-5: Updating Maven Project] INFO  o.e.m.j.i.AbstractJavaProjectConfigurator - Adding resource folder /AuthService/src/main/resources
2026-03-29 21:10:41,606 [Worker-5: Updating Maven Project] INFO  o.e.m.j.i.AbstractJavaProjectConfigurator - Adding resource folder /AuthService/src/main/resources
2026-03-29 21:10:41,607 [Worker-5: Updating Maven Project] INFO  o.e.m.j.i.AbstractJavaProjectConfigurator - Adding source folder /AuthService/src/test/java
2026-03-29 21:10:41,647 [Worker-5: Updating Maven Project] WARN  o.e.m.c.i.embedder.EclipseLogger - The POM for org.projectlombok:lombok:jar: is missing, no dependency information available
2026-03-29 21:10:41,651 [Worker-5: Updating Maven Project] ERROR o.e.m.a.i.u.PluginDependencyResolver - Unable to collect dependencies for plugin
org.eclipse.aether.resolution.DependencyResolutionException: org.projectlombok:lombok:jar: was not found in https://repo.maven.apache.org/maven2 during a previous attempt. This failure was cached in the local repository and resolution is not reattempted until the update interval of central has elapsed or updates are forced
	at org.eclipse.aether.internal.impl.DefaultRepositorySystem.resolveDependencies(DefaultRepositorySystem.java:357)
	at org.eclipse.m2e.apt.internal.utils.PluginDependencyResolver.getResolvedPluginDependencies(PluginDependencyResolver.java:106)
	at org.eclipse.m2e.apt.internal.compiler.MavenCompilerJdtAptDelegate.getAnnotationProcessorConfiguration(MavenCompilerJdtAptDelegate.java:172)
	at org.eclipse.m2e.apt.internal.AbstractAptConfiguratorDelegate.configureClasspath(AbstractAptConfiguratorDelegate.java:242)
	at org.eclipse.m2e.apt.internal.AbstractAptProjectConfigurator.lambda$1(AbstractAptProjectConfigurator.java:156)
	at org.eclipse.m2e.core.internal.embedder.MavenExecutionContext.executeBare(MavenExecutionContext.java:394)
	at org.eclipse.m2e.core.internal.embedder.MavenExecutionContext.execute(MavenExecutionContext.java:275)
	at org.eclipse.m2e.core.internal.embedder.MavenExecutionContext.execute(MavenExecutionContext.java:214)
	at org.eclipse.m2e.apt.internal.AbstractAptProjectConfigurator.configureRawClasspath(AbstractAptProjectConfigurator.java:150)
	at org.eclipse.m2e.jdt.internal.AbstractJavaProjectConfigurator.invokeJavaProjectConfigurators(AbstractJavaProjectConfigurator.java:213)
	at org.eclipse.m2e.jdt.internal.AbstractJavaProjectConfigurator.configure(AbstractJavaProjectConfigurator.java:172)
	at org.eclipse.m2e.core.project.configurator.AbstractLifecycleMapping.configure(AbstractLifecycleMapping.java:123)
	at org.eclipse.m2e.core.internal.project.ProjectConfigurationManager.lambda$6(ProjectConfigurationManager.java:504)
	at org.eclipse.m2e.core.internal.embedder.MavenExecutionContext.executeBare(MavenExecutionContext.java:394)
	at org.eclipse.m2e.core.internal.embedder.MavenExecutionContext.execute(MavenExecutionContext.java:275)
	at org.eclipse.m2e.core.internal.project.ProjectConfigurationManager.updateProjectConfiguration(ProjectConfigurationManager.java:498)
	at org.eclipse.m2e.core.internal.project.ProjectConfigurationManager.lambda$4(ProjectConfigurationManager.java:426)
	at java.base/java.util.Collection.removeIf(Collection.java:576)
	at org.eclipse.m2e.core.internal.project.ProjectConfigurationManager.updateProjectConfiguration0(ProjectConfigurationManager.java:414)
	at org.eclipse.m2e.core.internal.project.ProjectConfigurationManager.lambda$3(ProjectConfigurationManager.java:340)
	at org.eclipse.m2e.core.internal.embedder.MavenExecutionContext.executeBare(MavenExecutionContext.java:394)
	at org.eclipse.m2e.core.internal.embedder.MavenExecutionContext.execute(MavenExecutionContext.java:275)
	at org.eclipse.m2e.core.internal.embedder.MavenExecutionContext.execute(MavenExecutionContext.java:214)
	at org.eclipse.m2e.core.internal.embedder.MavenImpl.execute(MavenImpl.java:1097)
	at org.eclipse.m2e.core.internal.project.ProjectConfigurationManager.updateProjectConfiguration(ProjectConfigurationManager.java:339)
	at org.eclipse.m2e.core.ui.internal.UpdateMavenProjectJob.runInWorkspace(UpdateMavenProjectJob.java:80)
	at org.eclipse.core.internal.resources.InternalWorkspaceJob.run(InternalWorkspaceJob.java:43)
	at org.eclipse.core.internal.jobs.Worker.run(Worker.java:63)
Caused by: org.eclipse.aether.resolution.ArtifactResolutionException: org.projectlombok:lombok:jar: was not found in https://repo.maven.apache.org/maven2 during a previous attempt. This failure was cached in the local repository and resolution is not reattempted until the update interval of central has elapsed or updates are forced
	at org.eclipse.aether.internal.impl.DefaultArtifactResolver.resolve(DefaultArtifactResolver.java:425)
	at org.eclipse.aether.internal.impl.DefaultArtifactResolver.resolveArtifacts(DefaultArtifactResolver.java:229)
	at org.eclipse.aether.internal.impl.DefaultRepositorySystem.resolveDependencies(DefaultRepositorySystem.java:340)
	... 27 common frames omitted
Caused by: org.eclipse.aether.transfer.ArtifactNotFoundException: org.projectlombok:lombok:jar: was not found in https://repo.maven.apache.org/maven2 during a previous attempt. This failure was cached in the local repository and resolution is not reattempted until the update interval of central has elapsed or updates are forced
	at org.eclipse.aether.internal.impl.DefaultUpdateCheckManager.newException(DefaultUpdateCheckManager.java:217)
	at org.eclipse.aether.internal.impl.DefaultUpdateCheckManager.checkArtifact(DefaultUpdateCheckManager.java:189)
	at org.eclipse.aether.internal.impl.DefaultArtifactResolver.gatherDownloads(DefaultArtifactResolver.java:574)
	at org.eclipse.aether.internal.impl.DefaultArtifactResolver.performDownloads(DefaultArtifactResolver.java:484)
	at org.eclipse.aether.internal.impl.DefaultArtifactResolver.resolve(DefaultArtifactResolver.java:402)
	... 29 common frames omitted
2026-03-29 21:10:41,655 [Worker-5: Updating Maven Project] INFO  o.e.m.c.i.p.ProjectConfigurationManager - Update completed for 1 poms: local refresh takes 0.00 sec, refresh facades takes 1.00 sec, update config takes 0.00 sec 
2026-03-29 21:10:41,682 [Worker-16: Updating Maven Project] INFO  o.e.m.c.i.p.ProjectConfigurationManager - Update started
2026-03-29 21:10:42,343 [Worker-16: Updating Maven Project] INFO  o.e.m.c.i.l.LifecycleMappingFactory - Using org.eclipse.m2e.jdt.JarLifecycleMapping lifecycle mapping for MavenProject: com.example:AuthService:0.0.1-SNAPSHOT @ C:\Users\astut\OneDrive\Desktop\Project\AuthService\pom.xml.
2026-03-29 21:10:43,453 [Worker-16: Updating Maven Project] INFO  o.e.m.j.i.AbstractJavaProjectConfigurator - Adding source folder /AuthService/src/main/java
2026-03-29 21:10:43,454 [Worker-16: Updating Maven Project] INFO  o.e.m.j.i.AbstractJavaProjectConfigurator - Adding resource folder /AuthService/src/main/resources
2026-03-29 21:10:43,455 [Worker-16: Updating Maven Project] INFO  o.e.m.j.i.AbstractJavaProjectConfigurator - Adding resource folder /AuthService/src/main/resources
2026-03-29 21:10:43,457 [Worker-16: Updating Maven Project] INFO  o.e.m.j.i.AbstractJavaProjectConfigurator - Adding source folder /AuthService/src/test/java
2026-03-29 21:10:43,496 [Worker-16: Updating Maven Project] WARN  o.e.m.c.i.embedder.EclipseLogger - The POM for org.projectlombok:lombok:jar: is missing, no dependency information available
2026-03-29 21:10:43,498 [Worker-16: Updating Maven Project] ERROR o.e.m.a.i.u.PluginDependencyResolver - Unable to collect dependencies for plugin
org.eclipse.aether.resolution.DependencyResolutionException: org.projectlombok:lombok:jar: was not found in https://repo.maven.apache.org/maven2 during a previous attempt. This failure was cached in the local repository and resolution is not reattempted until the update interval of central has elapsed or updates are forced
	at org.eclipse.aether.internal.impl.DefaultRepositorySystem.resolveDependencies(DefaultRepositorySystem.java:357)
	at org.eclipse.m2e.apt.internal.utils.PluginDependencyResolver.getResolvedPluginDependencies(PluginDependencyResolver.java:106)
	at org.eclipse.m2e.apt.internal.compiler.MavenCompilerJdtAptDelegate.getAnnotationProcessorConfiguration(MavenCompilerJdtAptDelegate.java:172)
	at org.eclipse.m2e.apt.internal.AbstractAptConfiguratorDelegate.configureClasspath(AbstractAptConfiguratorDelegate.java:242)
	at org.eclipse.m2e.apt.internal.AbstractAptProjectConfigurator.lambda$1(AbstractAptProjectConfigurator.java:156)
	at org.eclipse.m2e.core.internal.embedder.MavenExecutionContext.executeBare(MavenExecutionContext.java:394)
	at org.eclipse.m2e.core.internal.embedder.MavenExecutionContext.execute(MavenExecutionContext.java:275)
	at org.eclipse.m2e.core.internal.embedder.MavenExecutionContext.execute(MavenExecutionContext.java:214)
	at org.eclipse.m2e.apt.internal.AbstractAptProjectConfigurator.configureRawClasspath(AbstractAptProjectConfigurator.java:150)
	at org.eclipse.m2e.jdt.internal.AbstractJavaProjectConfigurator.invokeJavaProjectConfigurators(AbstractJavaProjectConfigurator.java:213)
	at org.eclipse.m2e.jdt.internal.AbstractJavaProjectConfigurator.configure(AbstractJavaProjectConfigurator.java:172)
	at org.eclipse.m2e.core.project.configurator.AbstractLifecycleMapping.configure(AbstractLifecycleMapping.java:123)
	at org.eclipse.m2e.core.internal.project.ProjectConfigurationManager.lambda$6(ProjectConfigurationManager.java:504)
	at org.eclipse.m2e.core.internal.embedder.MavenExecutionContext.executeBare(MavenExecutionContext.java:394)
	at org.eclipse.m2e.core.internal.embedder.MavenExecutionContext.execute(MavenExecutionContext.java:275)
	at org.eclipse.m2e.core.internal.project.ProjectConfigurationManager.updateProjectConfiguration(ProjectConfigurationManager.java:498)
	at org.eclipse.m2e.core.internal.project.ProjectConfigurationManager.lambda$4(ProjectConfigurationManager.java:426)
	at java.base/java.util.Collection.removeIf(Collection.java:576)
	at org.eclipse.m2e.core.internal.project.ProjectConfigurationManager.updateProjectConfiguration0(ProjectConfigurationManager.java:414)
	at org.eclipse.m2e.core.internal.project.ProjectConfigurationManager.lambda$3(ProjectConfigurationManager.java:340)
	at org.eclipse.m2e.core.internal.embedder.MavenExecutionContext.executeBare(MavenExecutionContext.java:394)
	at org.eclipse.m2e.core.internal.embedder.MavenExecutionContext.execute(MavenExecutionContext.java:275)
	at org.eclipse.m2e.core.internal.embedder.MavenExecutionContext.execute(MavenExecutionContext.java:214)
	at org.eclipse.m2e.core.internal.embedder.MavenImpl.execute(MavenImpl.java:1097)
	at org.eclipse.m2e.core.internal.project.ProjectConfigurationManager.updateProjectConfiguration(ProjectConfigurationManager.java:339)
	at org.eclipse.m2e.core.ui.internal.UpdateMavenProjectJob.runInWorkspace(UpdateMavenProjectJob.java:80)
	at org.eclipse.core.internal.resources.InternalWorkspaceJob.run(InternalWorkspaceJob.java:43)
	at org.eclipse.core.internal.jobs.Worker.run(Worker.java:63)
Caused by: org.eclipse.aether.resolution.ArtifactResolutionException: org.projectlombok:lombok:jar: was not found in https://repo.maven.apache.org/maven2 during a previous attempt. This failure was cached in the local repository and resolution is not reattempted until the update interval of central has elapsed or updates are forced
	at org.eclipse.aether.internal.impl.DefaultArtifactResolver.resolve(DefaultArtifactResolver.java:425)
	at org.eclipse.aether.internal.impl.DefaultArtifactResolver.resolveArtifacts(DefaultArtifactResolver.java:229)
	at org.eclipse.aether.internal.impl.DefaultRepositorySystem.resolveDependencies(DefaultRepositorySystem.java:340)
	... 27 common frames omitted
Caused by: org.eclipse.aether.transfer.ArtifactNotFoundException: org.projectlombok:lombok:jar: was not found in https://repo.maven.apache.org/maven2 during a previous attempt. This failure was cached in the local repository and resolution is not reattempted until the update interval of central has elapsed or updates are forced
	at org.eclipse.aether.internal.impl.DefaultUpdateCheckManager.newException(DefaultUpdateCheckManager.java:217)
	at org.eclipse.aether.internal.impl.DefaultUpdateCheckManager.checkArtifact(DefaultUpdateCheckManager.java:189)
	at org.eclipse.aether.internal.impl.DefaultArtifactResolver.gatherDownloads(DefaultArtifactResolver.java:574)
	at org.eclipse.aether.internal.impl.DefaultArtifactResolver.performDownloads(DefaultArtifactResolver.java:484)
	at org.eclipse.aether.internal.impl.DefaultArtifactResolver.resolve(DefaultArtifactResolver.java:402)
	... 29 common frames omitted
2026-03-29 21:10:43,504 [Worker-16: Updating Maven Project] INFO  o.e.m.c.i.p.ProjectConfigurationManager - Update completed for 1 poms: local refresh takes 0.00 sec, refresh facades takes 1.00 sec, update config takes 0.00 sec 
2026-03-29 21:10:43,535 [Worker-15: Updating Maven Project] INFO  o.e.m.c.i.p.ProjectConfigurationManager - Update started
2026-03-29 21:10:44,174 [Worker-15: Updating Maven Project] INFO  o.e.m.c.i.l.LifecycleMappingFactory - Using org.eclipse.m2e.jdt.JarLifecycleMapping lifecycle mapping for MavenProject: com.example:AuthService:0.0.1-SNAPSHOT @ C:\Users\astut\OneDrive\Desktop\Project\AuthService\pom.xml.
2026-03-29 21:10:45,399 [Worker-15: Updating Maven Project] INFO  o.e.m.j.i.AbstractJavaProjectConfigurator - Adding source folder /AuthService/src/main/java
2026-03-29 21:10:45,401 [Worker-15: Updating Maven Project] INFO  o.e.m.j.i.AbstractJavaProjectConfigurator - Adding resource folder /AuthService/src/main/resources
2026-03-29 21:10:45,402 [Worker-15: Updating Maven Project] INFO  o.e.m.j.i.AbstractJavaProjectConfigurator - Adding resource folder /AuthService/src/main/resources
2026-03-29 21:10:45,404 [Worker-15: Updating Maven Project] INFO  o.e.m.j.i.AbstractJavaProjectConfigurator - Adding source folder /AuthService/src/test/java
2026-03-29 21:10:45,447 [Worker-15: Updating Maven Project] WARN  o.e.m.c.i.embedder.EclipseLogger - The POM for org.projectlombok:lombok:jar: is missing, no dependency information available
2026-03-29 21:10:45,452 [Worker-15: Updating Maven Project] ERROR o.e.m.a.i.u.PluginDependencyResolver - Unable to collect dependencies for plugin
org.eclipse.aether.resolution.DependencyResolutionException: org.projectlombok:lombok:jar: was not found in https://repo.maven.apache.org/maven2 during a previous attempt. This failure was cached in the local repository and resolution is not reattempted until the update interval of central has elapsed or updates are forced
	at org.eclipse.aether.internal.impl.DefaultRepositorySystem.resolveDependencies(DefaultRepositorySystem.java:357)
	at org.eclipse.m2e.apt.internal.utils.PluginDependencyResolver.getResolvedPluginDependencies(PluginDependencyResolver.java:106)
	at org.eclipse.m2e.apt.internal.compiler.MavenCompilerJdtAptDelegate.getAnnotationProcessorConfiguration(MavenCompilerJdtAptDelegate.java:172)
	at org.eclipse.m2e.apt.internal.AbstractAptConfiguratorDelegate.configureClasspath(AbstractAptConfiguratorDelegate.java:242)
	at org.eclipse.m2e.apt.internal.AbstractAptProjectConfigurator.lambda$1(AbstractAptProjectConfigurator.java:156)
	at org.eclipse.m2e.core.internal.embedder.MavenExecutionContext.executeBare(MavenExecutionContext.java:394)
	at org.eclipse.m2e.core.internal.embedder.MavenExecutionContext.execute(MavenExecutionContext.java:275)
	at org.eclipse.m2e.core.internal.embedder.MavenExecutionContext.execute(MavenExecutionContext.java:214)
	at org.eclipse.m2e.apt.internal.AbstractAptProjectConfigurator.configureRawClasspath(AbstractAptProjectConfigurator.java:150)
	at org.eclipse.m2e.jdt.internal.AbstractJavaProjectConfigurator.invokeJavaProjectConfigurators(AbstractJavaProjectConfigurator.java:213)
	at org.eclipse.m2e.jdt.internal.AbstractJavaProjectConfigurator.configure(AbstractJavaProjectConfigurator.java:172)
	at org.eclipse.m2e.core.project.configurator.AbstractLifecycleMapping.configure(AbstractLifecycleMapping.java:123)
	at org.eclipse.m2e.core.internal.project.ProjectConfigurationManager.lambda$6(ProjectConfigurationManager.java:504)
	at org.eclipse.m2e.core.internal.embedder.MavenExecutionContext.executeBare(MavenExecutionContext.java:394)
	at org.eclipse.m2e.core.internal.embedder.MavenExecutionContext.execute(MavenExecutionContext.java:275)
	at org.eclipse.m2e.core.internal.project.ProjectConfigurationManager.updateProjectConfiguration(ProjectConfigurationManager.java:498)
	at org.eclipse.m2e.core.internal.project.ProjectConfigurationManager.lambda$4(ProjectConfigurationManager.java:426)
	at java.base/java.util.Collection.removeIf(Collection.java:576)
	at org.eclipse.m2e.core.internal.project.ProjectConfigurationManager.updateProjectConfiguration0(ProjectConfigurationManager.java:414)
	at org.eclipse.m2e.core.internal.project.ProjectConfigurationManager.lambda$3(ProjectConfigurationManager.java:340)
	at org.eclipse.m2e.core.internal.embedder.MavenExecutionContext.executeBare(MavenExecutionContext.java:394)
	at org.eclipse.m2e.core.internal.embedder.MavenExecutionContext.execute(MavenExecutionContext.java:275)
	at org.eclipse.m2e.core.internal.embedder.MavenExecutionContext.execute(MavenExecutionContext.java:214)
	at org.eclipse.m2e.core.internal.embedder.MavenImpl.execute(MavenImpl.java:1097)
	at org.eclipse.m2e.core.internal.project.ProjectConfigurationManager.updateProjectConfiguration(ProjectConfigurationManager.java:339)
	at org.eclipse.m2e.core.ui.internal.UpdateMavenProjectJob.runInWorkspace(UpdateMavenProjectJob.java:80)
	at org.eclipse.core.internal.resources.InternalWorkspaceJob.run(InternalWorkspaceJob.java:43)
	at org.eclipse.core.internal.jobs.Worker.run(Worker.java:63)
Caused by: org.eclipse.aether.resolution.ArtifactResolutionException: org.projectlombok:lombok:jar: was not found in https://repo.maven.apache.org/maven2 during a previous attempt. This failure was cached in the local repository and resolution is not reattempted until the update interval of central has elapsed or updates are forced
	at org.eclipse.aether.internal.impl.DefaultArtifactResolver.resolve(DefaultArtifactResolver.java:425)
	at org.eclipse.aether.internal.impl.DefaultArtifactResolver.resolveArtifacts(DefaultArtifactResolver.java:229)
	at org.eclipse.aether.internal.impl.DefaultRepositorySystem.resolveDependencies(DefaultRepositorySystem.java:340)
	... 27 common frames omitted
Caused by: org.eclipse.aether.transfer.ArtifactNotFoundException: org.projectlombok:lombok:jar: was not found in https://repo.maven.apache.org/maven2 during a previous attempt. This failure was cached in the local repository and resolution is not reattempted until the update interval of central has elapsed or updates are forced
	at org.eclipse.aether.internal.impl.DefaultUpdateCheckManager.newException(DefaultUpdateCheckManager.java:217)
	at org.eclipse.aether.internal.impl.DefaultUpdateCheckManager.checkArtifact(DefaultUpdateCheckManager.java:189)
	at org.eclipse.aether.internal.impl.DefaultArtifactResolver.gatherDownloads(DefaultArtifactResolver.java:574)
	at org.eclipse.aether.internal.impl.DefaultArtifactResolver.performDownloads(DefaultArtifactResolver.java:484)
	at org.eclipse.aether.internal.impl.DefaultArtifactResolver.resolve(DefaultArtifactResolver.java:402)
	... 29 common frames omitted
2026-03-29 21:10:45,457 [Worker-15: Updating Maven Project] INFO  o.e.m.c.i.p.ProjectConfigurationManager - Update completed for 1 poms: local refresh takes 0.00 sec, refresh facades takes 1.00 sec, update config takes 0.00 sec 
2026-03-29 21:10:45,487 [Worker-10: Updating Maven Project] INFO  o.e.m.c.i.p.ProjectConfigurationManager - Update started
2026-03-29 21:10:46,171 [Worker-10: Updating Maven Project] INFO  o.e.m.c.i.l.LifecycleMappingFactory - Using org.eclipse.m2e.jdt.JarLifecycleMapping lifecycle mapping for MavenProject: com.example:AuthService:0.0.1-SNAPSHOT @ C:\Users\astut\OneDrive\Desktop\Project\AuthService\pom.xml.
2026-03-29 21:10:47,474 [Worker-10: Updating Maven Project] INFO  o.e.m.j.i.AbstractJavaProjectConfigurator - Adding source folder /AuthService/src/main/java
2026-03-29 21:10:47,475 [Worker-10: Updating Maven Project] INFO  o.e.m.j.i.AbstractJavaProjectConfigurator - Adding resource folder /AuthService/src/main/resources
2026-03-29 21:10:47,476 [Worker-10: Updating Maven Project] INFO  o.e.m.j.i.AbstractJavaProjectConfigurator - Adding resource folder /AuthService/src/main/resources
2026-03-29 21:10:47,477 [Worker-10: Updating Maven Project] INFO  o.e.m.j.i.AbstractJavaProjectConfigurator - Adding source folder /AuthService/src/test/java
2026-03-29 21:10:47,524 [Worker-10: Updating Maven Project] WARN  o.e.m.c.i.embedder.EclipseLogger - The POM for org.projectlombok:lombok:jar: is missing, no dependency information available
2026-03-29 21:10:47,530 [Worker-10: Updating Maven Project] ERROR o.e.m.a.i.u.PluginDependencyResolver - Unable to collect dependencies for plugin
org.eclipse.aether.resolution.DependencyResolutionException: org.projectlombok:lombok:jar: was not found in https://repo.maven.apache.org/maven2 during a previous attempt. This failure was cached in the local repository and resolution is not reattempted until the update interval of central has elapsed or updates are forced
	at org.eclipse.aether.internal.impl.DefaultRepositorySystem.resolveDependencies(DefaultRepositorySystem.java:357)
	at org.eclipse.m2e.apt.internal.utils.PluginDependencyResolver.getResolvedPluginDependencies(PluginDependencyResolver.java:106)
	at org.eclipse.m2e.apt.internal.compiler.MavenCompilerJdtAptDelegate.getAnnotationProcessorConfiguration(MavenCompilerJdtAptDelegate.java:172)
	at org.eclipse.m2e.apt.internal.AbstractAptConfiguratorDelegate.configureClasspath(AbstractAptConfiguratorDelegate.java:242)
	at org.eclipse.m2e.apt.internal.AbstractAptProjectConfigurator.lambda$1(AbstractAptProjectConfigurator.java:156)
	at org.eclipse.m2e.core.internal.embedder.MavenExecutionContext.executeBare(MavenExecutionContext.java:394)
	at org.eclipse.m2e.core.internal.embedder.MavenExecutionContext.execute(MavenExecutionContext.java:275)
	at org.eclipse.m2e.core.internal.embedder.MavenExecutionContext.execute(MavenExecutionContext.java:214)
	at org.eclipse.m2e.apt.internal.AbstractAptProjectConfigurator.configureRawClasspath(AbstractAptProjectConfigurator.java:150)
	at org.eclipse.m2e.jdt.internal.AbstractJavaProjectConfigurator.invokeJavaProjectConfigurators(AbstractJavaProjectConfigurator.java:213)
	at org.eclipse.m2e.jdt.internal.AbstractJavaProjectConfigurator.configure(AbstractJavaProjectConfigurator.java:172)
	at org.eclipse.m2e.core.project.configurator.AbstractLifecycleMapping.configure(AbstractLifecycleMapping.java:123)
	at org.eclipse.m2e.core.internal.project.ProjectConfigurationManager.lambda$6(ProjectConfigurationManager.java:504)
	at org.eclipse.m2e.core.internal.embedder.MavenExecutionContext.executeBare(MavenExecutionContext.java:394)
	at org.eclipse.m2e.core.internal.embedder.MavenExecutionContext.execute(MavenExecutionContext.java:275)
	at org.eclipse.m2e.core.internal.project.ProjectConfigurationManager.updateProjectConfiguration(ProjectConfigurationManager.java:498)
	at org.eclipse.m2e.core.internal.project.ProjectConfigurationManager.lambda$4(ProjectConfigurationManager.java:426)
	at java.base/java.util.Collection.removeIf(Collection.java:576)
	at org.eclipse.m2e.core.internal.project.ProjectConfigurationManager.updateProjectConfiguration0(ProjectConfigurationManager.java:414)
	at org.eclipse.m2e.core.internal.project.ProjectConfigurationManager.lambda$3(ProjectConfigurationManager.java:340)
	at org.eclipse.m2e.core.internal.embedder.MavenExecutionContext.executeBare(MavenExecutionContext.java:394)
	at org.eclipse.m2e.core.internal.embedder.MavenExecutionContext.execute(MavenExecutionContext.java:275)
	at org.eclipse.m2e.core.internal.embedder.MavenExecutionContext.execute(MavenExecutionContext.java:214)
	at org.eclipse.m2e.core.internal.embedder.MavenImpl.execute(MavenImpl.java:1097)
	at org.eclipse.m2e.core.internal.project.ProjectConfigurationManager.updateProjectConfiguration(ProjectConfigurationManager.java:339)
	at org.eclipse.m2e.core.ui.internal.UpdateMavenProjectJob.runInWorkspace(UpdateMavenProjectJob.java:80)
	at org.eclipse.core.internal.resources.InternalWorkspaceJob.run(InternalWorkspaceJob.java:43)
	at org.eclipse.core.internal.jobs.Worker.run(Worker.java:63)
Caused by: org.eclipse.aether.resolution.ArtifactResolutionException: org.projectlombok:lombok:jar: was not found in https://repo.maven.apache.org/maven2 during a previous attempt. This failure was cached in the local repository and resolution is not reattempted until the update interval of central has elapsed or updates are forced
	at org.eclipse.aether.internal.impl.DefaultArtifactResolver.resolve(DefaultArtifactResolver.java:425)
	at org.eclipse.aether.internal.impl.DefaultArtifactResolver.resolveArtifacts(DefaultArtifactResolver.java:229)
	at org.eclipse.aether.internal.impl.DefaultRepositorySystem.resolveDependencies(DefaultRepositorySystem.java:340)
	... 27 common frames omitted
Caused by: org.eclipse.aether.transfer.ArtifactNotFoundException: org.projectlombok:lombok:jar: was not found in https://repo.maven.apache.org/maven2 during a previous attempt. This failure was cached in the local repository and resolution is not reattempted until the update interval of central has elapsed or updates are forced
	at org.eclipse.aether.internal.impl.DefaultUpdateCheckManager.newException(DefaultUpdateCheckManager.java:217)
	at org.eclipse.aether.internal.impl.DefaultUpdateCheckManager.checkArtifact(DefaultUpdateCheckManager.java:189)
	at org.eclipse.aether.internal.impl.DefaultArtifactResolver.gatherDownloads(DefaultArtifactResolver.java:574)
	at org.eclipse.aether.internal.impl.DefaultArtifactResolver.performDownloads(DefaultArtifactResolver.java:484)
	at org.eclipse.aether.internal.impl.DefaultArtifactResolver.resolve(DefaultArtifactResolver.java:402)
	... 29 common frames omitted
2026-03-29 21:10:47,534 [Worker-10: Updating Maven Project] INFO  o.e.m.c.i.p.ProjectConfigurationManager - Update completed for 1 poms: local refresh takes 0.00 sec, refresh facades takes 1.00 sec, update config takes 0.00 sec 
2026-03-29 21:10:47,570 [Worker-8: Updating Maven Project] INFO  o.e.m.c.i.p.ProjectConfigurationManager - Update started
2026-03-29 21:10:48,471 [Worker-8: Updating Maven Project] INFO  o.e.m.c.i.l.LifecycleMappingFactory - Using org.eclipse.m2e.jdt.JarLifecycleMapping lifecycle mapping for MavenProject: com.example:AuthService:0.0.1-SNAPSHOT @ C:\Users\astut\OneDrive\Desktop\Project\AuthService\pom.xml.
2026-03-29 21:10:49,945 [Worker-8: Updating Maven Project] INFO  o.e.m.j.i.AbstractJavaProjectConfigurator - Adding source folder /AuthService/src/main/java
2026-03-29 21:10:49,946 [Worker-8: Updating Maven Project] INFO  o.e.m.j.i.AbstractJavaProjectConfigurator - Adding resource folder /AuthService/src/main/resources
2026-03-29 21:10:49,947 [Worker-8: Updating Maven Project] INFO  o.e.m.j.i.AbstractJavaProjectConfigurator - Adding resource folder /AuthService/src/main/resources
2026-03-29 21:10:49,949 [Worker-8: Updating Maven Project] INFO  o.e.m.j.i.AbstractJavaProjectConfigurator - Adding source folder /AuthService/src/test/java
2026-03-29 21:10:50,000 [Worker-8: Updating Maven Project] WARN  o.e.m.c.i.embedder.EclipseLogger - The POM for org.projectlombok:lombok:jar: is missing, no dependency information available
2026-03-29 21:10:50,004 [Worker-8: Updating Maven Project] ERROR o.e.m.a.i.u.PluginDependencyResolver - Unable to collect dependencies for plugin
org.eclipse.aether.resolution.DependencyResolutionException: org.projectlombok:lombok:jar: was not found in https://repo.maven.apache.org/maven2 during a previous attempt. This failure was cached in the local repository and resolution is not reattempted until the update interval of central has elapsed or updates are forced
	at org.eclipse.aether.internal.impl.DefaultRepositorySystem.resolveDependencies(DefaultRepositorySystem.java:357)
	at org.eclipse.m2e.apt.internal.utils.PluginDependencyResolver.getResolvedPluginDependencies(PluginDependencyResolver.java:106)
	at org.eclipse.m2e.apt.internal.compiler.MavenCompilerJdtAptDelegate.getAnnotationProcessorConfiguration(MavenCompilerJdtAptDelegate.java:172)
	at org.eclipse.m2e.apt.internal.AbstractAptConfiguratorDelegate.configureClasspath(AbstractAptConfiguratorDelegate.java:242)
	at org.eclipse.m2e.apt.internal.AbstractAptProjectConfigurator.lambda$1(AbstractAptProjectConfigurator.java:156)
	at org.eclipse.m2e.core.internal.embedder.MavenExecutionContext.executeBare(MavenExecutionContext.java:394)
	at org.eclipse.m2e.core.internal.embedder.MavenExecutionContext.execute(MavenExecutionContext.java:275)
	at org.eclipse.m2e.core.internal.embedder.MavenExecutionContext.execute(MavenExecutionContext.java:214)
	at org.eclipse.m2e.apt.internal.AbstractAptProjectConfigurator.configureRawClasspath(AbstractAptProjectConfigurator.java:150)
	at org.eclipse.m2e.jdt.internal.AbstractJavaProjectConfigurator.invokeJavaProjectConfigurators(AbstractJavaProjectConfigurator.java:213)
	at org.eclipse.m2e.jdt.internal.AbstractJavaProjectConfigurator.configure(AbstractJavaProjectConfigurator.java:172)
	at org.eclipse.m2e.core.project.configurator.AbstractLifecycleMapping.configure(AbstractLifecycleMapping.java:123)
	at org.eclipse.m2e.core.internal.project.ProjectConfigurationManager.lambda$6(ProjectConfigurationManager.java:504)
	at org.eclipse.m2e.core.internal.embedder.MavenExecutionContext.executeBare(MavenExecutionContext.java:394)
	at org.eclipse.m2e.core.internal.embedder.MavenExecutionContext.execute(MavenExecutionContext.java:275)
	at org.eclipse.m2e.core.internal.project.ProjectConfigurationManager.updateProjectConfiguration(ProjectConfigurationManager.java:498)
	at org.eclipse.m2e.core.internal.project.ProjectConfigurationManager.lambda$4(ProjectConfigurationManager.java:426)
	at java.base/java.util.Collection.removeIf(Collection.java:576)
	at org.eclipse.m2e.core.internal.project.ProjectConfigurationManager.updateProjectConfiguration0(ProjectConfigurationManager.java:414)
	at org.eclipse.m2e.core.internal.project.ProjectConfigurationManager.lambda$3(ProjectConfigurationManager.java:340)
	at org.eclipse.m2e.core.internal.embedder.MavenExecutionContext.executeBare(MavenExecutionContext.java:394)
	at org.eclipse.m2e.core.internal.embedder.MavenExecutionContext.execute(MavenExecutionContext.java:275)
	at org.eclipse.m2e.core.internal.embedder.MavenExecutionContext.execute(MavenExecutionContext.java:214)
	at org.eclipse.m2e.core.internal.embedder.MavenImpl.execute(MavenImpl.java:1097)
	at org.eclipse.m2e.core.internal.project.ProjectConfigurationManager.updateProjectConfiguration(ProjectConfigurationManager.java:339)
	at org.eclipse.m2e.core.ui.internal.UpdateMavenProjectJob.runInWorkspace(UpdateMavenProjectJob.java:80)
	at org.eclipse.core.internal.resources.InternalWorkspaceJob.run(InternalWorkspaceJob.java:43)
	at org.eclipse.core.internal.jobs.Worker.run(Worker.java:63)
Caused by: org.eclipse.aether.resolution.ArtifactResolutionException: org.projectlombok:lombok:jar: was not found in https://repo.maven.apache.org/maven2 during a previous attempt. This failure was cached in the local repository and resolution is not reattempted until the update interval of central has elapsed or updates are forced
	at org.eclipse.aether.internal.impl.DefaultArtifactResolver.resolve(DefaultArtifactResolver.java:425)
	at org.eclipse.aether.internal.impl.DefaultArtifactResolver.resolveArtifacts(DefaultArtifactResolver.java:229)
	at org.eclipse.aether.internal.impl.DefaultRepositorySystem.resolveDependencies(DefaultRepositorySystem.java:340)
	... 27 common frames omitted
Caused by: org.eclipse.aether.transfer.ArtifactNotFoundException: org.projectlombok:lombok:jar: was not found in https://repo.maven.apache.org/maven2 during a previous attempt. This failure was cached in the local repository and resolution is not reattempted until the update interval of central has elapsed or updates are forced
	at org.eclipse.aether.internal.impl.DefaultUpdateCheckManager.newException(DefaultUpdateCheckManager.java:217)
	at org.eclipse.aether.internal.impl.DefaultUpdateCheckManager.checkArtifact(DefaultUpdateCheckManager.java:189)
	at org.eclipse.aether.internal.impl.DefaultArtifactResolver.gatherDownloads(DefaultArtifactResolver.java:574)
	at org.eclipse.aether.internal.impl.DefaultArtifactResolver.performDownloads(DefaultArtifactResolver.java:484)
	at org.eclipse.aether.internal.impl.DefaultArtifactResolver.resolve(DefaultArtifactResolver.java:402)
	... 29 common frames omitted
2026-03-29 21:10:50,008 [Worker-8: Updating Maven Project] INFO  o.e.m.c.i.p.ProjectConfigurationManager - Update completed for 1 poms: local refresh takes 0.00 sec, refresh facades takes 2.00 sec, update config takes 0.00 sec 
2026-03-29 21:10:50,043 [Worker-2: Updating Maven Project] INFO  o.e.m.c.i.p.ProjectConfigurationManager - Update started
2026-03-29 21:10:50,636 [Worker-2: Updating Maven Project] INFO  o.e.m.c.i.l.LifecycleMappingFactory - Using org.eclipse.m2e.jdt.JarLifecycleMapping lifecycle mapping for MavenProject: com.example:AuthService:0.0.1-SNAPSHOT @ C:\Users\astut\OneDrive\Desktop\Project\AuthService\pom.xml.
2026-03-29 21:10:51,817 [Worker-2: Updating Maven Project] INFO  o.e.m.j.i.AbstractJavaProjectConfigurator - Adding source folder /AuthService/src/main/java
2026-03-29 21:10:51,818 [Worker-2: Updating Maven Project] INFO  o.e.m.j.i.AbstractJavaProjectConfigurator - Adding resource folder /AuthService/src/main/resources
2026-03-29 21:10:51,819 [Worker-2: Updating Maven Project] INFO  o.e.m.j.i.AbstractJavaProjectConfigurator - Adding resource folder /AuthService/src/main/resources
2026-03-29 21:10:51,821 [Worker-2: Updating Maven Project] INFO  o.e.m.j.i.AbstractJavaProjectConfigurator - Adding source folder /AuthService/src/test/java
2026-03-29 21:10:51,847 [Worker-2: Updating Maven Project] WARN  o.e.m.c.i.embedder.EclipseLogger - The POM for org.projectlombok:lombok:jar: is missing, no dependency information available
2026-03-29 21:10:51,850 [Worker-2: Updating Maven Project] ERROR o.e.m.a.i.u.PluginDependencyResolver - Unable to collect dependencies for plugin
org.eclipse.aether.resolution.DependencyResolutionException: org.projectlombok:lombok:jar: was not found in https://repo.maven.apache.org/maven2 during a previous attempt. This failure was cached in the local repository and resolution is not reattempted until the update interval of central has elapsed or updates are forced
	at org.eclipse.aether.internal.impl.DefaultRepositorySystem.resolveDependencies(DefaultRepositorySystem.java:357)
	at org.eclipse.m2e.apt.internal.utils.PluginDependencyResolver.getResolvedPluginDependencies(PluginDependencyResolver.java:106)
	at org.eclipse.m2e.apt.internal.compiler.MavenCompilerJdtAptDelegate.getAnnotationProcessorConfiguration(MavenCompilerJdtAptDelegate.java:172)
	at org.eclipse.m2e.apt.internal.AbstractAptConfiguratorDelegate.configureClasspath(AbstractAptConfiguratorDelegate.java:242)
	at org.eclipse.m2e.apt.internal.AbstractAptProjectConfigurator.lambda$1(AbstractAptProjectConfigurator.java:156)
	at org.eclipse.m2e.core.internal.embedder.MavenExecutionContext.executeBare(MavenExecutionContext.java:394)
	at org.eclipse.m2e.core.internal.embedder.MavenExecutionContext.execute(MavenExecutionContext.java:275)
	at org.eclipse.m2e.core.internal.embedder.MavenExecutionContext.execute(MavenExecutionContext.java:214)
	at org.eclipse.m2e.apt.internal.AbstractAptProjectConfigurator.configureRawClasspath(AbstractAptProjectConfigurator.java:150)
	at org.eclipse.m2e.jdt.internal.AbstractJavaProjectConfigurator.invokeJavaProjectConfigurators(AbstractJavaProjectConfigurator.java:213)
	at org.eclipse.m2e.jdt.internal.AbstractJavaProjectConfigurator.configure(AbstractJavaProjectConfigurator.java:172)
	at org.eclipse.m2e.core.project.configurator.AbstractLifecycleMapping.configure(AbstractLifecycleMapping.java:123)
	at org.eclipse.m2e.core.internal.project.ProjectConfigurationManager.lambda$6(ProjectConfigurationManager.java:504)
	at org.eclipse.m2e.core.internal.embedder.MavenExecutionContext.executeBare(MavenExecutionContext.java:394)
	at org.eclipse.m2e.core.internal.embedder.MavenExecutionContext.execute(MavenExecutionContext.java:275)
	at org.eclipse.m2e.core.internal.project.ProjectConfigurationManager.updateProjectConfiguration(ProjectConfigurationManager.java:498)
	at org.eclipse.m2e.core.internal.project.ProjectConfigurationManager.lambda$4(ProjectConfigurationManager.java:426)
	at java.base/java.util.Collection.removeIf(Collection.java:576)
	at org.eclipse.m2e.core.internal.project.ProjectConfigurationManager.updateProjectConfiguration0(ProjectConfigurationManager.java:414)
	at org.eclipse.m2e.core.internal.project.ProjectConfigurationManager.lambda$3(ProjectConfigurationManager.java:340)
	at org.eclipse.m2e.core.internal.embedder.MavenExecutionContext.executeBare(MavenExecutionContext.java:394)
	at org.eclipse.m2e.core.internal.embedder.MavenExecutionContext.execute(MavenExecutionContext.java:275)
	at org.eclipse.m2e.core.internal.embedder.MavenExecutionContext.execute(MavenExecutionContext.java:214)
	at org.eclipse.m2e.core.internal.embedder.MavenImpl.execute(MavenImpl.java:1097)
	at org.eclipse.m2e.core.internal.project.ProjectConfigurationManager.updateProjectConfiguration(ProjectConfigurationManager.java:339)
	at org.eclipse.m2e.core.ui.internal.UpdateMavenProjectJob.runInWorkspace(UpdateMavenProjectJob.java:80)
	at org.eclipse.core.internal.resources.InternalWorkspaceJob.run(InternalWorkspaceJob.java:43)
	at org.eclipse.core.internal.jobs.Worker.run(Worker.java:63)
Caused by: org.eclipse.aether.resolution.ArtifactResolutionException: org.projectlombok:lombok:jar: was not found in https://repo.maven.apache.org/maven2 during a previous attempt. This failure was cached in the local repository and resolution is not reattempted until the update interval of central has elapsed or updates are forced
	at org.eclipse.aether.internal.impl.DefaultArtifactResolver.resolve(DefaultArtifactResolver.java:425)
	at org.eclipse.aether.internal.impl.DefaultArtifactResolver.resolveArtifacts(DefaultArtifactResolver.java:229)
	at org.eclipse.aether.internal.impl.DefaultRepositorySystem.resolveDependencies(DefaultRepositorySystem.java:340)
	... 27 common frames omitted
Caused by: org.eclipse.aether.transfer.ArtifactNotFoundException: org.projectlombok:lombok:jar: was not found in https://repo.maven.apache.org/maven2 during a previous attempt. This failure was cached in the local repository and resolution is not reattempted until the update interval of central has elapsed or updates are forced
	at org.eclipse.aether.internal.impl.DefaultUpdateCheckManager.newException(DefaultUpdateCheckManager.java:217)
	at org.eclipse.aether.internal.impl.DefaultUpdateCheckManager.checkArtifact(DefaultUpdateCheckManager.java:189)
	at org.eclipse.aether.internal.impl.DefaultArtifactResolver.gatherDownloads(DefaultArtifactResolver.java:574)
	at org.eclipse.aether.internal.impl.DefaultArtifactResolver.performDownloads(DefaultArtifactResolver.java:484)
	at org.eclipse.aether.internal.impl.DefaultArtifactResolver.resolve(DefaultArtifactResolver.java:402)
	... 29 common frames omitted
2026-03-29 21:10:51,853 [Worker-2: Updating Maven Project] INFO  o.e.m.c.i.p.ProjectConfigurationManager - Update completed for 1 poms: local refresh takes 0.00 sec, refresh facades takes 1.00 sec, update config takes 0.00 sec 
2026-03-29 21:10:51,873 [Worker-5: Updating Maven Project] INFO  o.e.m.c.i.p.ProjectConfigurationManager - Update started
2026-03-29 21:10:52,449 [Worker-5: Updating Maven Project] INFO  o.e.m.c.i.l.LifecycleMappingFactory - Using org.eclipse.m2e.jdt.JarLifecycleMapping lifecycle mapping for MavenProject: com.example:AuthService:0.0.1-SNAPSHOT @ C:\Users\astut\OneDrive\Desktop\Project\AuthService\pom.xml.
2026-03-29 21:10:53,625 [Worker-5: Updating Maven Project] INFO  o.e.m.j.i.AbstractJavaProjectConfigurator - Adding source folder /AuthService/src/main/java
2026-03-29 21:10:53,625 [Worker-5: Updating Maven Project] INFO  o.e.m.j.i.AbstractJavaProjectConfigurator - Adding resource folder /AuthService/src/main/resources
2026-03-29 21:10:53,626 [Worker-5: Updating Maven Project] INFO  o.e.m.j.i.AbstractJavaProjectConfigurator - Adding resource folder /AuthService/src/main/resources
2026-03-29 21:10:53,628 [Worker-5: Updating Maven Project] INFO  o.e.m.j.i.AbstractJavaProjectConfigurator - Adding source folder /AuthService/src/test/java
2026-03-29 21:10:53,653 [Worker-5: Updating Maven Project] WARN  o.e.m.c.i.embedder.EclipseLogger - The POM for org.projectlombok:lombok:jar: is missing, no dependency information available
2026-03-29 21:10:53,655 [Worker-5: Updating Maven Project] ERROR o.e.m.a.i.u.PluginDependencyResolver - Unable to collect dependencies for plugin
org.eclipse.aether.resolution.DependencyResolutionException: org.projectlombok:lombok:jar: was not found in https://repo.maven.apache.org/maven2 during a previous attempt. This failure was cached in the local repository and resolution is not reattempted until the update interval of central has elapsed or updates are forced
	at org.eclipse.aether.internal.impl.DefaultRepositorySystem.resolveDependencies(DefaultRepositorySystem.java:357)
	at org.eclipse.m2e.apt.internal.utils.PluginDependencyResolver.getResolvedPluginDependencies(PluginDependencyResolver.java:106)
	at org.eclipse.m2e.apt.internal.compiler.MavenCompilerJdtAptDelegate.getAnnotationProcessorConfiguration(MavenCompilerJdtAptDelegate.java:172)
	at org.eclipse.m2e.apt.internal.AbstractAptConfiguratorDelegate.configureClasspath(AbstractAptConfiguratorDelegate.java:242)
	at org.eclipse.m2e.apt.internal.AbstractAptProjectConfigurator.lambda$1(AbstractAptProjectConfigurator.java:156)
	at org.eclipse.m2e.core.internal.embedder.MavenExecutionContext.executeBare(MavenExecutionContext.java:394)
	at org.eclipse.m2e.core.internal.embedder.MavenExecutionContext.execute(MavenExecutionContext.java:275)
	at org.eclipse.m2e.core.internal.embedder.MavenExecutionContext.execute(MavenExecutionContext.java:214)
	at org.eclipse.m2e.apt.internal.AbstractAptProjectConfigurator.configureRawClasspath(AbstractAptProjectConfigurator.java:150)
	at org.eclipse.m2e.jdt.internal.AbstractJavaProjectConfigurator.invokeJavaProjectConfigurators(AbstractJavaProjectConfigurator.java:213)
	at org.eclipse.m2e.jdt.internal.AbstractJavaProjectConfigurator.configure(AbstractJavaProjectConfigurator.java:172)
	at org.eclipse.m2e.core.project.configurator.AbstractLifecycleMapping.configure(AbstractLifecycleMapping.java:123)
	at org.eclipse.m2e.core.internal.project.ProjectConfigurationManager.lambda$6(ProjectConfigurationManager.java:504)
	at org.eclipse.m2e.core.internal.embedder.MavenExecutionContext.executeBare(MavenExecutionContext.java:394)
	at org.eclipse.m2e.core.internal.embedder.MavenExecutionContext.execute(MavenExecutionContext.java:275)
	at org.eclipse.m2e.core.internal.project.ProjectConfigurationManager.updateProjectConfiguration(ProjectConfigurationManager.java:498)
	at org.eclipse.m2e.core.internal.project.ProjectConfigurationManager.lambda$4(ProjectConfigurationManager.java:426)
	at java.base/java.util.Collection.removeIf(Collection.java:576)
	at org.eclipse.m2e.core.internal.project.ProjectConfigurationManager.updateProjectConfiguration0(ProjectConfigurationManager.java:414)
	at org.eclipse.m2e.core.internal.project.ProjectConfigurationManager.lambda$3(ProjectConfigurationManager.java:340)
	at org.eclipse.m2e.core.internal.embedder.MavenExecutionContext.executeBare(MavenExecutionContext.java:394)
	at org.eclipse.m2e.core.internal.embedder.MavenExecutionContext.execute(MavenExecutionContext.java:275)
	at org.eclipse.m2e.core.internal.embedder.MavenExecutionContext.execute(MavenExecutionContext.java:214)
	at org.eclipse.m2e.core.internal.embedder.MavenImpl.execute(MavenImpl.java:1097)
	at org.eclipse.m2e.core.internal.project.ProjectConfigurationManager.updateProjectConfiguration(ProjectConfigurationManager.java:339)
	at org.eclipse.m2e.core.ui.internal.UpdateMavenProjectJob.runInWorkspace(UpdateMavenProjectJob.java:80)
	at org.eclipse.core.internal.resources.InternalWorkspaceJob.run(InternalWorkspaceJob.java:43)
	at org.eclipse.core.internal.jobs.Worker.run(Worker.java:63)
Caused by: org.eclipse.aether.resolution.ArtifactResolutionException: org.projectlombok:lombok:jar: was not found in https://repo.maven.apache.org/maven2 during a previous attempt. This failure was cached in the local repository and resolution is not reattempted until the update interval of central has elapsed or updates are forced
	at org.eclipse.aether.internal.impl.DefaultArtifactResolver.resolve(DefaultArtifactResolver.java:425)
	at org.eclipse.aether.internal.impl.DefaultArtifactResolver.resolveArtifacts(DefaultArtifactResolver.java:229)
	at org.eclipse.aether.internal.impl.DefaultRepositorySystem.resolveDependencies(DefaultRepositorySystem.java:340)
	... 27 common frames omitted
Caused by: org.eclipse.aether.transfer.ArtifactNotFoundException: org.projectlombok:lombok:jar: was not found in https://repo.maven.apache.org/maven2 during a previous attempt. This failure was cached in the local repository and resolution is not reattempted until the update interval of central has elapsed or updates are forced
	at org.eclipse.aether.internal.impl.DefaultUpdateCheckManager.newException(DefaultUpdateCheckManager.java:217)
	at org.eclipse.aether.internal.impl.DefaultUpdateCheckManager.checkArtifact(DefaultUpdateCheckManager.java:189)
	at org.eclipse.aether.internal.impl.DefaultArtifactResolver.gatherDownloads(DefaultArtifactResolver.java:574)
	at org.eclipse.aether.internal.impl.DefaultArtifactResolver.performDownloads(DefaultArtifactResolver.java:484)
	at org.eclipse.aether.internal.impl.DefaultArtifactResolver.resolve(DefaultArtifactResolver.java:402)
	... 29 common frames omitted
2026-03-29 21:10:53,659 [Worker-5: Updating Maven Project] INFO  o.e.m.c.i.p.ProjectConfigurationManager - Update completed for 1 poms: local refresh takes 0.00 sec, refresh facades takes 1.00 sec, update config takes 0.00 sec 
2026-03-29 21:10:53,682 [Worker-14: Updating Maven Project] INFO  o.e.m.c.i.p.ProjectConfigurationManager - Update started
2026-03-29 21:10:54,228 [Worker-14: Updating Maven Project] INFO  o.e.m.c.i.l.LifecycleMappingFactory - Using org.eclipse.m2e.jdt.JarLifecycleMapping lifecycle mapping for MavenProject: com.example:AuthService:0.0.1-SNAPSHOT @ C:\Users\astut\OneDrive\Desktop\Project\AuthService\pom.xml.
2026-03-29 21:10:55,313 [Worker-14: Updating Maven Project] INFO  o.e.m.j.i.AbstractJavaProjectConfigurator - Adding source folder /AuthService/src/main/java
2026-03-29 21:10:55,314 [Worker-14: Updating Maven Project] INFO  o.e.m.j.i.AbstractJavaProjectConfigurator - Adding resource folder /AuthService/src/main/resources
2026-03-29 21:10:55,315 [Worker-14: Updating Maven Project] INFO  o.e.m.j.i.AbstractJavaProjectConfigurator - Adding resource folder /AuthService/src/main/resources
2026-03-29 21:10:55,316 [Worker-14: Updating Maven Project] INFO  o.e.m.j.i.AbstractJavaProjectConfigurator - Adding source folder /AuthService/src/test/java
2026-03-29 21:10:55,346 [Worker-14: Updating Maven Project] WARN  o.e.m.c.i.embedder.EclipseLogger - The POM for org.projectlombok:lombok:jar: is missing, no dependency information available
2026-03-29 21:10:55,350 [Worker-14: Updating Maven Project] ERROR o.e.m.a.i.u.PluginDependencyResolver - Unable to collect dependencies for plugin
org.eclipse.aether.resolution.DependencyResolutionException: org.projectlombok:lombok:jar: was not found in https://repo.maven.apache.org/maven2 during a previous attempt. This failure was cached in the local repository and resolution is not reattempted until the update interval of central has elapsed or updates are forced
	at org.eclipse.aether.internal.impl.DefaultRepositorySystem.resolveDependencies(DefaultRepositorySystem.java:357)
	at org.eclipse.m2e.apt.internal.utils.PluginDependencyResolver.getResolvedPluginDependencies(PluginDependencyResolver.java:106)
	at org.eclipse.m2e.apt.internal.compiler.MavenCompilerJdtAptDelegate.getAnnotationProcessorConfiguration(MavenCompilerJdtAptDelegate.java:172)
	at org.eclipse.m2e.apt.internal.AbstractAptConfiguratorDelegate.configureClasspath(AbstractAptConfiguratorDelegate.java:242)
	at org.eclipse.m2e.apt.internal.AbstractAptProjectConfigurator.lambda$1(AbstractAptProjectConfigurator.java:156)
	at org.eclipse.m2e.core.internal.embedder.MavenExecutionContext.executeBare(MavenExecutionContext.java:394)
	at org.eclipse.m2e.core.internal.embedder.MavenExecutionContext.execute(MavenExecutionContext.java:275)
	at org.eclipse.m2e.core.internal.embedder.MavenExecutionContext.execute(MavenExecutionContext.java:214)
	at org.eclipse.m2e.apt.internal.AbstractAptProjectConfigurator.configureRawClasspath(AbstractAptProjectConfigurator.java:150)
	at org.eclipse.m2e.jdt.internal.AbstractJavaProjectConfigurator.invokeJavaProjectConfigurators(AbstractJavaProjectConfigurator.java:213)
	at org.eclipse.m2e.jdt.internal.AbstractJavaProjectConfigurator.configure(AbstractJavaProjectConfigurator.java:172)
	at org.eclipse.m2e.core.project.configurator.AbstractLifecycleMapping.configure(AbstractLifecycleMapping.java:123)
	at org.eclipse.m2e.core.internal.project.ProjectConfigurationManager.lambda$6(ProjectConfigurationManager.java:504)
	at org.eclipse.m2e.core.internal.embedder.MavenExecutionContext.executeBare(MavenExecutionContext.java:394)
	at org.eclipse.m2e.core.internal.embedder.MavenExecutionContext.execute(MavenExecutionContext.java:275)
	at org.eclipse.m2e.core.internal.project.ProjectConfigurationManager.updateProjectConfiguration(ProjectConfigurationManager.java:498)
	at org.eclipse.m2e.core.internal.project.ProjectConfigurationManager.lambda$4(ProjectConfigurationManager.java:426)
	at java.base/java.util.Collection.removeIf(Collection.java:576)
	at org.eclipse.m2e.core.internal.project.ProjectConfigurationManager.updateProjectConfiguration0(ProjectConfigurationManager.java:414)
	at org.eclipse.m2e.core.internal.project.ProjectConfigurationManager.lambda$3(ProjectConfigurationManager.java:340)
	at org.eclipse.m2e.core.internal.embedder.MavenExecutionContext.executeBare(MavenExecutionContext.java:394)
	at org.eclipse.m2e.core.internal.embedder.MavenExecutionContext.execute(MavenExecutionContext.java:275)
	at org.eclipse.m2e.core.internal.embedder.MavenExecutionContext.execute(MavenExecutionContext.java:214)
	at org.eclipse.m2e.core.internal.embedder.MavenImpl.execute(MavenImpl.java:1097)
	at org.eclipse.m2e.core.internal.project.ProjectConfigurationManager.updateProjectConfiguration(ProjectConfigurationManager.java:339)
	at org.eclipse.m2e.core.ui.internal.UpdateMavenProjectJob.runInWorkspace(UpdateMavenProjectJob.java:80)
	at org.eclipse.core.internal.resources.InternalWorkspaceJob.run(InternalWorkspaceJob.java:43)
	at org.eclipse.core.internal.jobs.Worker.run(Worker.java:63)
Caused by: org.eclipse.aether.resolution.ArtifactResolutionException: org.projectlombok:lombok:jar: was not found in https://repo.maven.apache.org/maven2 during a previous attempt. This failure was cached in the local repository and resolution is not reattempted until the update interval of central has elapsed or updates are forced
	at org.eclipse.aether.internal.impl.DefaultArtifactResolver.resolve(DefaultArtifactResolver.java:425)
	at org.eclipse.aether.internal.impl.DefaultArtifactResolver.resolveArtifacts(DefaultArtifactResolver.java:229)
	at org.eclipse.aether.internal.impl.DefaultRepositorySystem.resolveDependencies(DefaultRepositorySystem.java:340)
	... 27 common frames omitted
Caused by: org.eclipse.aether.transfer.ArtifactNotFoundException: org.projectlombok:lombok:jar: was not found in https://repo.maven.apache.org/maven2 during a previous attempt. This failure was cached in the local repository and resolution is not reattempted until the update interval of central has elapsed or updates are forced
	at org.eclipse.aether.internal.impl.DefaultUpdateCheckManager.newException(DefaultUpdateCheckManager.java:217)
	at org.eclipse.aether.internal.impl.DefaultUpdateCheckManager.checkArtifact(DefaultUpdateCheckManager.java:189)
	at org.eclipse.aether.internal.impl.DefaultArtifactResolver.gatherDownloads(DefaultArtifactResolver.java:574)
	at org.eclipse.aether.internal.impl.DefaultArtifactResolver.performDownloads(DefaultArtifactResolver.java:484)
	at org.eclipse.aether.internal.impl.DefaultArtifactResolver.resolve(DefaultArtifactResolver.java:402)
	... 29 common frames omitted
2026-03-29 21:10:55,352 [Worker-14: Updating Maven Project] INFO  o.e.m.c.i.p.ProjectConfigurationManager - Update completed for 1 poms: local refresh takes 0.00 sec, refresh facades takes 1.00 sec, update config takes 0.00 sec 
2026-03-29 21:10:55,370 [Worker-15: Updating Maven Project] INFO  o.e.m.c.i.p.ProjectConfigurationManager - Update started
2026-03-29 21:10:55,988 [Worker-15: Updating Maven Project] INFO  o.e.m.c.i.l.LifecycleMappingFactory - Using org.eclipse.m2e.jdt.JarLifecycleMapping lifecycle mapping for MavenProject: com.example:AuthService:0.0.1-SNAPSHOT @ C:\Users\astut\OneDrive\Desktop\Project\AuthService\pom.xml.
2026-03-29 21:10:57,304 [Worker-15: Updating Maven Project] INFO  o.e.m.j.i.AbstractJavaProjectConfigurator - Adding source folder /AuthService/src/main/java
2026-03-29 21:10:57,305 [Worker-15: Updating Maven Project] INFO  o.e.m.j.i.AbstractJavaProjectConfigurator - Adding resource folder /AuthService/src/main/resources
2026-03-29 21:10:57,305 [Worker-15: Updating Maven Project] INFO  o.e.m.j.i.AbstractJavaProjectConfigurator - Adding resource folder /AuthService/src/main/resources
2026-03-29 21:10:57,307 [Worker-15: Updating Maven Project] INFO  o.e.m.j.i.AbstractJavaProjectConfigurator - Adding source folder /AuthService/src/test/java
2026-03-29 21:10:57,351 [Worker-15: Updating Maven Project] WARN  o.e.m.c.i.embedder.EclipseLogger - The POM for org.projectlombok:lombok:jar: is missing, no dependency information available
2026-03-29 21:10:57,356 [Worker-15: Updating Maven Project] ERROR o.e.m.a.i.u.PluginDependencyResolver - Unable to collect dependencies for plugin
org.eclipse.aether.resolution.DependencyResolutionException: org.projectlombok:lombok:jar: was not found in https://repo.maven.apache.org/maven2 during a previous attempt. This failure was cached in the local repository and resolution is not reattempted until the update interval of central has elapsed or updates are forced
	at org.eclipse.aether.internal.impl.DefaultRepositorySystem.resolveDependencies(DefaultRepositorySystem.java:357)
	at org.eclipse.m2e.apt.internal.utils.PluginDependencyResolver.getResolvedPluginDependencies(PluginDependencyResolver.java:106)
	at org.eclipse.m2e.apt.internal.compiler.MavenCompilerJdtAptDelegate.getAnnotationProcessorConfiguration(MavenCompilerJdtAptDelegate.java:172)
	at org.eclipse.m2e.apt.internal.AbstractAptConfiguratorDelegate.configureClasspath(AbstractAptConfiguratorDelegate.java:242)
	at org.eclipse.m2e.apt.internal.AbstractAptProjectConfigurator.lambda$1(AbstractAptProjectConfigurator.java:156)
	at org.eclipse.m2e.core.internal.embedder.MavenExecutionContext.executeBare(MavenExecutionContext.java:394)
	at org.eclipse.m2e.core.internal.embedder.MavenExecutionContext.execute(MavenExecutionContext.java:275)
	at org.eclipse.m2e.core.internal.embedder.MavenExecutionContext.execute(MavenExecutionContext.java:214)
	at org.eclipse.m2e.apt.internal.AbstractAptProjectConfigurator.configureRawClasspath(AbstractAptProjectConfigurator.java:150)
	at org.eclipse.m2e.jdt.internal.AbstractJavaProjectConfigurator.invokeJavaProjectConfigurators(AbstractJavaProjectConfigurator.java:213)
	at org.eclipse.m2e.jdt.internal.AbstractJavaProjectConfigurator.configure(AbstractJavaProjectConfigurator.java:172)
	at org.eclipse.m2e.core.project.configurator.AbstractLifecycleMapping.configure(AbstractLifecycleMapping.java:123)
	at org.eclipse.m2e.core.internal.project.ProjectConfigurationManager.lambda$6(ProjectConfigurationManager.java:504)
	at org.eclipse.m2e.core.internal.embedder.MavenExecutionContext.executeBare(MavenExecutionContext.java:394)
	at org.eclipse.m2e.core.internal.embedder.MavenExecutionContext.execute(MavenExecutionContext.java:275)
	at org.eclipse.m2e.core.internal.project.ProjectConfigurationManager.updateProjectConfiguration(ProjectConfigurationManager.java:498)
	at org.eclipse.m2e.core.internal.project.ProjectConfigurationManager.lambda$4(ProjectConfigurationManager.java:426)
	at java.base/java.util.Collection.removeIf(Collection.java:576)
	at org.eclipse.m2e.core.internal.project.ProjectConfigurationManager.updateProjectConfiguration0(ProjectConfigurationManager.java:414)
	at org.eclipse.m2e.core.internal.project.ProjectConfigurationManager.lambda$3(ProjectConfigurationManager.java:340)
	at org.eclipse.m2e.core.internal.embedder.MavenExecutionContext.executeBare(MavenExecutionContext.java:394)
	at org.eclipse.m2e.core.internal.embedder.MavenExecutionContext.execute(MavenExecutionContext.java:275)
	at org.eclipse.m2e.core.internal.embedder.MavenExecutionContext.execute(MavenExecutionContext.java:214)
	at org.eclipse.m2e.core.internal.embedder.MavenImpl.execute(MavenImpl.java:1097)
	at org.eclipse.m2e.core.internal.project.ProjectConfigurationManager.updateProjectConfiguration(ProjectConfigurationManager.java:339)
	at org.eclipse.m2e.core.ui.internal.UpdateMavenProjectJob.runInWorkspace(UpdateMavenProjectJob.java:80)
	at org.eclipse.core.internal.resources.InternalWorkspaceJob.run(InternalWorkspaceJob.java:43)
	at org.eclipse.core.internal.jobs.Worker.run(Worker.java:63)
Caused by: org.eclipse.aether.resolution.ArtifactResolutionException: org.projectlombok:lombok:jar: was not found in https://repo.maven.apache.org/maven2 during a previous attempt. This failure was cached in the local repository and resolution is not reattempted until the update interval of central has elapsed or updates are forced
	at org.eclipse.aether.internal.impl.DefaultArtifactResolver.resolve(DefaultArtifactResolver.java:425)
	at org.eclipse.aether.internal.impl.DefaultArtifactResolver.resolveArtifacts(DefaultArtifactResolver.java:229)
	at org.eclipse.aether.internal.impl.DefaultRepositorySystem.resolveDependencies(DefaultRepositorySystem.java:340)
	... 27 common frames omitted
Caused by: org.eclipse.aether.transfer.ArtifactNotFoundException: org.projectlombok:lombok:jar: was not found in https://repo.maven.apache.org/maven2 during a previous attempt. This failure was cached in the local repository and resolution is not reattempted until the update interval of central has elapsed or updates are forced
	at org.eclipse.aether.internal.impl.DefaultUpdateCheckManager.newException(DefaultUpdateCheckManager.java:217)
	at org.eclipse.aether.internal.impl.DefaultUpdateCheckManager.checkArtifact(DefaultUpdateCheckManager.java:189)
	at org.eclipse.aether.internal.impl.DefaultArtifactResolver.gatherDownloads(DefaultArtifactResolver.java:574)
	at org.eclipse.aether.internal.impl.DefaultArtifactResolver.performDownloads(DefaultArtifactResolver.java:484)
	at org.eclipse.aether.internal.impl.DefaultArtifactResolver.resolve(DefaultArtifactResolver.java:402)
	... 29 common frames omitted
2026-03-29 21:10:57,359 [Worker-15: Updating Maven Project] INFO  o.e.m.c.i.p.ProjectConfigurationManager - Update completed for 1 poms: local refresh takes 0.00 sec, refresh facades takes 1.00 sec, update config takes 0.00 sec 
2026-03-29 21:10:57,384 [Worker-10: Updating Maven Project] INFO  o.e.m.c.i.p.ProjectConfigurationManager - Update started
2026-03-29 21:10:57,970 [Worker-10: Updating Maven Project] INFO  o.e.m.c.i.l.LifecycleMappingFactory - Using org.eclipse.m2e.jdt.JarLifecycleMapping lifecycle mapping for MavenProject: com.example:AuthService:0.0.1-SNAPSHOT @ C:\Users\astut\OneDrive\Desktop\Project\AuthService\pom.xml.
2026-03-29 21:10:58,976 [Worker-10: Updating Maven Project] INFO  o.e.m.j.i.AbstractJavaProjectConfigurator - Adding source folder /AuthService/src/main/java
2026-03-29 21:10:58,977 [Worker-10: Updating Maven Project] INFO  o.e.m.j.i.AbstractJavaProjectConfigurator - Adding resource folder /AuthService/src/main/resources
2026-03-29 21:10:58,978 [Worker-10: Updating Maven Project] INFO  o.e.m.j.i.AbstractJavaProjectConfigurator - Adding resource folder /AuthService/src/main/resources
2026-03-29 21:10:58,980 [Worker-10: Updating Maven Project] INFO  o.e.m.j.i.AbstractJavaProjectConfigurator - Adding source folder /AuthService/src/test/java
2026-03-29 21:10:59,017 [Worker-10: Updating Maven Project] WARN  o.e.m.c.i.embedder.EclipseLogger - The POM for org.projectlombok:lombok:jar: is missing, no dependency information available
2026-03-29 21:10:59,023 [Worker-10: Updating Maven Project] ERROR o.e.m.a.i.u.PluginDependencyResolver - Unable to collect dependencies for plugin
org.eclipse.aether.resolution.DependencyResolutionException: org.projectlombok:lombok:jar: was not found in https://repo.maven.apache.org/maven2 during a previous attempt. This failure was cached in the local repository and resolution is not reattempted until the update interval of central has elapsed or updates are forced
	at org.eclipse.aether.internal.impl.DefaultRepositorySystem.resolveDependencies(DefaultRepositorySystem.java:357)
	at org.eclipse.m2e.apt.internal.utils.PluginDependencyResolver.getResolvedPluginDependencies(PluginDependencyResolver.java:106)
	at org.eclipse.m2e.apt.internal.compiler.MavenCompilerJdtAptDelegate.getAnnotationProcessorConfiguration(MavenCompilerJdtAptDelegate.java:172)
	at org.eclipse.m2e.apt.internal.AbstractAptConfiguratorDelegate.configureClasspath(AbstractAptConfiguratorDelegate.java:242)
	at org.eclipse.m2e.apt.internal.AbstractAptProjectConfigurator.lambda$1(AbstractAptProjectConfigurator.java:156)
	at org.eclipse.m2e.core.internal.embedder.MavenExecutionContext.executeBare(MavenExecutionContext.java:394)
	at org.eclipse.m2e.core.internal.embedder.MavenExecutionContext.execute(MavenExecutionContext.java:275)
	at org.eclipse.m2e.core.internal.embedder.MavenExecutionContext.execute(MavenExecutionContext.java:214)
	at org.eclipse.m2e.apt.internal.AbstractAptProjectConfigurator.configureRawClasspath(AbstractAptProjectConfigurator.java:150)
	at org.eclipse.m2e.jdt.internal.AbstractJavaProjectConfigurator.invokeJavaProjectConfigurators(AbstractJavaProjectConfigurator.java:213)
	at org.eclipse.m2e.jdt.internal.AbstractJavaProjectConfigurator.configure(AbstractJavaProjectConfigurator.java:172)
	at org.eclipse.m2e.core.project.configurator.AbstractLifecycleMapping.configure(AbstractLifecycleMapping.java:123)
	at org.eclipse.m2e.core.internal.project.ProjectConfigurationManager.lambda$6(ProjectConfigurationManager.java:504)
	at org.eclipse.m2e.core.internal.embedder.MavenExecutionContext.executeBare(MavenExecutionContext.java:394)
	at org.eclipse.m2e.core.internal.embedder.MavenExecutionContext.execute(MavenExecutionContext.java:275)
	at org.eclipse.m2e.core.internal.project.ProjectConfigurationManager.updateProjectConfiguration(ProjectConfigurationManager.java:498)
	at org.eclipse.m2e.core.internal.project.ProjectConfigurationManager.lambda$4(ProjectConfigurationManager.java:426)
	at java.base/java.util.Collection.removeIf(Collection.java:576)
	at org.eclipse.m2e.core.internal.project.ProjectConfigurationManager.updateProjectConfiguration0(ProjectConfigurationManager.java:414)
	at org.eclipse.m2e.core.internal.project.ProjectConfigurationManager.lambda$3(ProjectConfigurationManager.java:340)
	at org.eclipse.m2e.core.internal.embedder.MavenExecutionContext.executeBare(MavenExecutionContext.java:394)
	at org.eclipse.m2e.core.internal.embedder.MavenExecutionContext.execute(MavenExecutionContext.java:275)
	at org.eclipse.m2e.core.internal.embedder.MavenExecutionContext.execute(MavenExecutionContext.java:214)
	at org.eclipse.m2e.core.internal.embedder.MavenImpl.execute(MavenImpl.java:1097)
	at org.eclipse.m2e.core.internal.project.ProjectConfigurationManager.updateProjectConfiguration(ProjectConfigurationManager.java:339)
	at org.eclipse.m2e.core.ui.internal.UpdateMavenProjectJob.runInWorkspace(UpdateMavenProjectJob.java:80)
	at org.eclipse.core.internal.resources.InternalWorkspaceJob.run(InternalWorkspaceJob.java:43)
	at org.eclipse.core.internal.jobs.Worker.run(Worker.java:63)
Caused by: org.eclipse.aether.resolution.ArtifactResolutionException: org.projectlombok:lombok:jar: was not found in https://repo.maven.apache.org/maven2 during a previous attempt. This failure was cached in the local repository and resolution is not reattempted until the update interval of central has elapsed or updates are forced
	at org.eclipse.aether.internal.impl.DefaultArtifactResolver.resolve(DefaultArtifactResolver.java:425)
	at org.eclipse.aether.internal.impl.DefaultArtifactResolver.resolveArtifacts(DefaultArtifactResolver.java:229)
	at org.eclipse.aether.internal.impl.DefaultRepositorySystem.resolveDependencies(DefaultRepositorySystem.java:340)
	... 27 common frames omitted
Caused by: org.eclipse.aether.transfer.ArtifactNotFoundException: org.projectlombok:lombok:jar: was not found in https://repo.maven.apache.org/maven2 during a previous attempt. This failure was cached in the local repository and resolution is not reattempted until the update interval of central has elapsed or updates are forced
	at org.eclipse.aether.internal.impl.DefaultUpdateCheckManager.newException(DefaultUpdateCheckManager.java:217)
	at org.eclipse.aether.internal.impl.DefaultUpdateCheckManager.checkArtifact(DefaultUpdateCheckManager.java:189)
	at org.eclipse.aether.internal.impl.DefaultArtifactResolver.gatherDownloads(DefaultArtifactResolver.java:574)
	at org.eclipse.aether.internal.impl.DefaultArtifactResolver.performDownloads(DefaultArtifactResolver.java:484)
	at org.eclipse.aether.internal.impl.DefaultArtifactResolver.resolve(DefaultArtifactResolver.java:402)
	... 29 common frames omitted
2026-03-29 21:10:59,027 [Worker-10: Updating Maven Project] INFO  o.e.m.c.i.p.ProjectConfigurationManager - Update completed for 1 poms: local refresh takes 0.00 sec, refresh facades takes 1.00 sec, update config takes 0.00 sec 
2026-03-29 21:11:00,249 [Worker-0: Building] INFO  o.a.m.s.f.DefaultMavenResourcesFiltering - Copying 1 resource from src\main\resources to target\classes
2026-03-29 21:11:00,343 [Worker-0: Building] INFO  o.a.m.s.f.DefaultMavenResourcesFiltering - Copying 0 resource from src\main\resources to target\classes
2026-03-29 21:11:00,352 [Worker-0: Building] INFO  o.a.m.s.f.DefaultMavenResourcesFiltering - skip non existing resourceDirectory C:\Users\astut\OneDrive\Desktop\Project\AuthService\src\test\resources
2026-03-29 21:12:36,662 [Worker-12: Updating Maven Project] INFO  o.e.m.c.i.p.ProjectConfigurationManager - Update started
2026-03-29 21:12:36,906 [Worker-12: Updating Maven Project] INFO  o.e.m.c.i.l.LifecycleMappingFactory - Using org.eclipse.m2e.jdt.JarLifecycleMapping lifecycle mapping for MavenProject: com.example:AuthService:0.0.1-SNAPSHOT @ C:\Users\astut\OneDrive\Desktop\Project\AuthService\pom.xml.
2026-03-29 21:12:37,324 [Worker-12: Updating Maven Project] INFO  o.e.m.j.i.AbstractJavaProjectConfigurator - Adding source folder /AuthService/src/main/java
2026-03-29 21:12:37,324 [Worker-12: Updating Maven Project] INFO  o.e.m.j.i.AbstractJavaProjectConfigurator - Adding resource folder /AuthService/src/main/resources
2026-03-29 21:12:37,324 [Worker-12: Updating Maven Project] INFO  o.e.m.j.i.AbstractJavaProjectConfigurator - Adding resource folder /AuthService/src/main/resources
2026-03-29 21:12:37,325 [Worker-12: Updating Maven Project] INFO  o.e.m.j.i.AbstractJavaProjectConfigurator - Adding source folder /AuthService/src/test/java
2026-03-29 21:12:37,355 [Worker-12: Updating Maven Project] WARN  o.e.m.c.i.embedder.EclipseLogger - The POM for org.projectlombok:lombok:jar: is missing, no dependency information available
2026-03-29 21:12:37,358 [Worker-12: Updating Maven Project] ERROR o.e.m.a.i.u.PluginDependencyResolver - Unable to collect dependencies for plugin
org.eclipse.aether.resolution.DependencyResolutionException: org.projectlombok:lombok:jar: was not found in https://repo.maven.apache.org/maven2 during a previous attempt. This failure was cached in the local repository and resolution is not reattempted until the update interval of central has elapsed or updates are forced
	at org.eclipse.aether.internal.impl.DefaultRepositorySystem.resolveDependencies(DefaultRepositorySystem.java:357)
	at org.eclipse.m2e.apt.internal.utils.PluginDependencyResolver.getResolvedPluginDependencies(PluginDependencyResolver.java:106)
	at org.eclipse.m2e.apt.internal.compiler.MavenCompilerJdtAptDelegate.getAnnotationProcessorConfiguration(MavenCompilerJdtAptDelegate.java:172)
	at org.eclipse.m2e.apt.internal.AbstractAptConfiguratorDelegate.configureClasspath(AbstractAptConfiguratorDelegate.java:242)
	at org.eclipse.m2e.apt.internal.AbstractAptProjectConfigurator.lambda$1(AbstractAptProjectConfigurator.java:156)
	at org.eclipse.m2e.core.internal.embedder.MavenExecutionContext.executeBare(MavenExecutionContext.java:394)
	at org.eclipse.m2e.core.internal.embedder.MavenExecutionContext.execute(MavenExecutionContext.java:275)
	at org.eclipse.m2e.core.internal.embedder.MavenExecutionContext.execute(MavenExecutionContext.java:214)
	at org.eclipse.m2e.apt.internal.AbstractAptProjectConfigurator.configureRawClasspath(AbstractAptProjectConfigurator.java:150)
	at org.eclipse.m2e.jdt.internal.AbstractJavaProjectConfigurator.invokeJavaProjectConfigurators(AbstractJavaProjectConfigurator.java:213)
	at org.eclipse.m2e.jdt.internal.AbstractJavaProjectConfigurator.configure(AbstractJavaProjectConfigurator.java:172)
	at org.eclipse.m2e.core.project.configurator.AbstractLifecycleMapping.configure(AbstractLifecycleMapping.java:123)
	at org.eclipse.m2e.core.internal.project.ProjectConfigurationManager.lambda$6(ProjectConfigurationManager.java:504)
	at org.eclipse.m2e.core.internal.embedder.MavenExecutionContext.executeBare(MavenExecutionContext.java:394)
	at org.eclipse.m2e.core.internal.embedder.MavenExecutionContext.execute(MavenExecutionContext.java:275)
	at org.eclipse.m2e.core.internal.project.ProjectConfigurationManager.updateProjectConfiguration(ProjectConfigurationManager.java:498)
	at org.eclipse.m2e.core.internal.project.ProjectConfigurationManager.lambda$4(ProjectConfigurationManager.java:426)
	at java.base/java.util.Collection.removeIf(Collection.java:576)
	at org.eclipse.m2e.core.internal.project.ProjectConfigurationManager.updateProjectConfiguration0(ProjectConfigurationManager.java:414)
	at org.eclipse.m2e.core.internal.project.ProjectConfigurationManager.lambda$3(ProjectConfigurationManager.java:340)
	at org.eclipse.m2e.core.internal.embedder.MavenExecutionContext.executeBare(MavenExecutionContext.java:394)
	at org.eclipse.m2e.core.internal.embedder.MavenExecutionContext.execute(MavenExecutionContext.java:275)
	at org.eclipse.m2e.core.internal.embedder.MavenExecutionContext.execute(MavenExecutionContext.java:214)
	at org.eclipse.m2e.core.internal.embedder.MavenImpl.execute(MavenImpl.java:1097)
	at org.eclipse.m2e.core.internal.project.ProjectConfigurationManager.updateProjectConfiguration(ProjectConfigurationManager.java:339)
	at org.eclipse.m2e.core.ui.internal.UpdateMavenProjectJob.runInWorkspace(UpdateMavenProjectJob.java:80)
	at org.eclipse.core.internal.resources.InternalWorkspaceJob.run(InternalWorkspaceJob.java:43)
	at org.eclipse.core.internal.jobs.Worker.run(Worker.java:63)
Caused by: org.eclipse.aether.resolution.ArtifactResolutionException: org.projectlombok:lombok:jar: was not found in https://repo.maven.apache.org/maven2 during a previous attempt. This failure was cached in the local repository and resolution is not reattempted until the update interval of central has elapsed or updates are forced
	at org.eclipse.aether.internal.impl.DefaultArtifactResolver.resolve(DefaultArtifactResolver.java:425)
	at org.eclipse.aether.internal.impl.DefaultArtifactResolver.resolveArtifacts(DefaultArtifactResolver.java:229)
	at org.eclipse.aether.internal.impl.DefaultRepositorySystem.resolveDependencies(DefaultRepositorySystem.java:340)
	... 27 common frames omitted
Caused by: org.eclipse.aether.transfer.ArtifactNotFoundException: org.projectlombok:lombok:jar: was not found in https://repo.maven.apache.org/maven2 during a previous attempt. This failure was cached in the local repository and resolution is not reattempted until the update interval of central has elapsed or updates are forced
	at org.eclipse.aether.internal.impl.DefaultUpdateCheckManager.newException(DefaultUpdateCheckManager.java:217)
	at org.eclipse.aether.internal.impl.DefaultUpdateCheckManager.checkArtifact(DefaultUpdateCheckManager.java:189)
	at org.eclipse.aether.internal.impl.DefaultArtifactResolver.gatherDownloads(DefaultArtifactResolver.java:574)
	at org.eclipse.aether.internal.impl.DefaultArtifactResolver.performDownloads(DefaultArtifactResolver.java:484)
	at org.eclipse.aether.internal.impl.DefaultArtifactResolver.resolve(DefaultArtifactResolver.java:402)
	... 29 common frames omitted
2026-03-29 21:12:37,361 [Worker-12: Updating Maven Project] INFO  o.e.m.c.i.p.ProjectConfigurationManager - Update completed for 1 poms: local refresh takes 0.00 sec, refresh facades takes 0.00 sec, update config takes 0.00 sec 
2026-03-29 21:12:37,918 [Worker-4: Building] INFO  o.a.m.s.f.DefaultMavenResourcesFiltering - Copying 1 resource from src\main\resources to target\classes
2026-03-29 21:12:37,949 [Worker-4: Building] INFO  o.a.m.s.f.DefaultMavenResourcesFiltering - Copying 0 resource from src\main\resources to target\classes
2026-03-29 21:12:37,958 [Worker-4: Building] INFO  o.a.m.s.f.DefaultMavenResourcesFiltering - skip non existing resourceDirectory C:\Users\astut\OneDrive\Desktop\Project\AuthService\src\test\resources
2026-03-29 21:13:58,349 [Worker-8: Import Getting Started Content] INFO  o.e.m.c.i.l.LifecycleMappingFactory - Using org.eclipse.m2e.jdt.JarLifecycleMapping lifecycle mapping for MavenProject: com.example:AuthService:0.0.1-SNAPSHOT @ C:\Users\astut\OneDrive\Desktop\Project\AuthService\pom.xml.
2026-03-29 21:13:59,272 [Worker-8: Import Getting Started Content] INFO  o.e.m.j.i.AbstractJavaProjectConfigurator - Adding source folder /AuthService/src/main/java
2026-03-29 21:13:59,273 [Worker-8: Import Getting Started Content] INFO  o.e.m.j.i.AbstractJavaProjectConfigurator - Adding resource folder /AuthService/src/main/resources
2026-03-29 21:13:59,279 [Worker-8: Import Getting Started Content] INFO  o.e.m.j.i.AbstractJavaProjectConfigurator - Adding resource folder /AuthService/src/main/resources
2026-03-29 21:13:59,284 [Worker-8: Import Getting Started Content] INFO  o.e.m.j.i.AbstractJavaProjectConfigurator - Adding source folder /AuthService/src/test/java
2026-03-29 21:14:00,080 [Worker-8: Import Getting Started Content] INFO  o.e.m.c.i.p.ProjectConfigurationManager - Imported and configured 1 project(s) in 2 sec
2026-03-29 21:14:00,083 [Worker-8: Import Getting Started Content] INFO  o.e.m.c.i.p.ProjectConfigurationManager - Update started
2026-03-29 21:14:00,387 [Worker-8: Import Getting Started Content] INFO  o.e.m.c.i.l.LifecycleMappingFactory - Using org.eclipse.m2e.jdt.JarLifecycleMapping lifecycle mapping for MavenProject: com.example:AuthService:0.0.1-SNAPSHOT @ C:\Users\astut\OneDrive\Desktop\Project\AuthService\pom.xml.
2026-03-29 21:14:01,180 [Worker-8: Import Getting Started Content] INFO  o.e.m.j.i.AbstractJavaProjectConfigurator - Adding source folder /AuthService/src/main/java
2026-03-29 21:14:01,180 [Worker-8: Import Getting Started Content] INFO  o.e.m.j.i.AbstractJavaProjectConfigurator - Adding resource folder /AuthService/src/main/resources
2026-03-29 21:14:01,181 [Worker-8: Import Getting Started Content] INFO  o.e.m.j.i.AbstractJavaProjectConfigurator - Adding resource folder /AuthService/src/main/resources
2026-03-29 21:14:01,181 [Worker-8: Import Getting Started Content] INFO  o.e.m.j.i.AbstractJavaProjectConfigurator - Adding source folder /AuthService/src/test/java
2026-03-29 21:14:01,712 [Worker-8: Import Getting Started Content] INFO  o.e.m.c.i.p.ProjectConfigurationManager - Update completed for 1 poms: local refresh takes 0.00 sec, refresh facades takes 1.00 sec, update config takes 0.00 sec 
2026-03-29 21:14:02,243 [Worker-5: Building] INFO  o.a.m.s.f.DefaultMavenResourcesFiltering - Copying 1 resource from src\main\resources to target\classes
2026-03-29 21:14:02,277 [Worker-5: Building] INFO  o.a.m.s.f.DefaultMavenResourcesFiltering - Copying 0 resource from src\main\resources to target\classes
2026-03-29 21:14:02,283 [Worker-5: Building] INFO  o.a.m.s.f.DefaultMavenResourcesFiltering - skip non existing resourceDirectory C:\Users\astut\OneDrive\Desktop\Project\AuthService\src\test\resources
2026-03-29 21:16:14,110 [Worker-16: Building] INFO  o.a.m.s.f.DefaultMavenResourcesFiltering - Copying 1 resource from src\main\resources to target\classes
2026-03-29 21:16:14,116 [Worker-16: Building] INFO  o.a.m.s.f.DefaultMavenResourcesFiltering - Copying 0 resource from src\main\resources to target\classes
2026-03-29 21:16:14,121 [Worker-16: Building] INFO  o.a.m.s.f.DefaultMavenResourcesFiltering - skip non existing resourceDirectory C:\Users\astut\OneDrive\Desktop\Project\AuthService\src\test\resources
2026-03-29 21:19:51,326 [Worker-7: Building] INFO  o.a.m.s.f.DefaultMavenResourcesFiltering - Copying 1 resource from src\main\resources to target\classes
2026-03-29 21:19:51,333 [Worker-7: Building] INFO  o.a.m.s.f.DefaultMavenResourcesFiltering - Copying 0 resource from src\main\resources to target\classes
2026-03-29 21:19:51,335 [Worker-7: Building] INFO  o.a.m.s.f.DefaultMavenResourcesFiltering - skip non existing resourceDirectory C:\Users\astut\OneDrive\Desktop\Project\AuthService\src\test\resources
2026-03-29 21:42:02,668 [Worker-20: Building] INFO  o.a.m.s.f.DefaultMavenResourcesFiltering - Copying 1 resource from src\main\resources to target\classes
2026-03-29 21:42:02,680 [Worker-20: Building] INFO  o.a.m.s.f.DefaultMavenResourcesFiltering - Copying 0 resource from src\main\resources to target\classes
2026-03-29 21:42:02,683 [Worker-20: Building] INFO  o.a.m.s.f.DefaultMavenResourcesFiltering - skip non existing resourceDirectory C:\Users\astut\OneDrive\Desktop\Project\AuthService\src\test\resources
2026-03-29 21:43:29,738 [Worker-21: Building] INFO  o.a.m.s.f.DefaultMavenResourcesFiltering - Copying 1 resource from src\main\resources to target\classes
2026-03-29 21:43:29,748 [Worker-21: Building] INFO  o.a.m.s.f.DefaultMavenResourcesFiltering - Copying 0 resource from src\main\resources to target\classes
2026-03-29 21:43:29,752 [Worker-21: Building] INFO  o.a.m.s.f.DefaultMavenResourcesFiltering - skip non existing resourceDirectory C:\Users\astut\OneDrive\Desktop\Project\AuthService\src\test\resources
2026-03-29 21:43:52,025 [Worker-23: Building] INFO  o.a.m.s.f.DefaultMavenResourcesFiltering - Copying 1 resource from src\main\resources to target\classes
2026-03-29 21:43:52,030 [Worker-23: Building] INFO  o.a.m.s.f.DefaultMavenResourcesFiltering - Copying 0 resource from src\main\resources to target\classes
2026-03-29 21:43:52,033 [Worker-23: Building] INFO  o.a.m.s.f.DefaultMavenResourcesFiltering - skip non existing resourceDirectory C:\Users\astut\OneDrive\Desktop\Project\AuthService\src\test\resources
2026-03-29 21:45:47,067 [Worker-20: Building] INFO  o.a.m.s.f.DefaultMavenResourcesFiltering - Copying 1 resource from src\main\resources to target\classes
2026-03-29 21:45:47,074 [Worker-20: Building] INFO  o.a.m.s.f.DefaultMavenResourcesFiltering - Copying 0 resource from src\main\resources to target\classes
2026-03-29 21:45:47,078 [Worker-20: Building] INFO  o.a.m.s.f.DefaultMavenResourcesFiltering - skip non existing resourceDirectory C:\Users\astut\OneDrive\Desktop\Project\AuthService\src\test\resources
2026-03-29 21:46:34,211 [Worker-20: Building] INFO  o.a.m.s.f.DefaultMavenResourcesFiltering - Copying 1 resource from src\main\resources to target\classes
2026-03-29 21:46:34,219 [Worker-20: Building] INFO  o.a.m.s.f.DefaultMavenResourcesFiltering - Copying 0 resource from src\main\resources to target\classes
2026-03-29 21:46:34,224 [Worker-20: Building] INFO  o.a.m.s.f.DefaultMavenResourcesFiltering - skip non existing resourceDirectory C:\Users\astut\OneDrive\Desktop\Project\AuthService\src\test\resources
2026-03-29 21:48:21,955 [Worker-26: Building] INFO  o.a.m.s.f.DefaultMavenResourcesFiltering - Copying 1 resource from src\main\resources to target\classes
2026-03-29 21:48:21,961 [Worker-26: Building] INFO  o.a.m.s.f.DefaultMavenResourcesFiltering - Copying 0 resource from src\main\resources to target\classes
2026-03-29 21:48:21,964 [Worker-26: Building] INFO  o.a.m.s.f.DefaultMavenResourcesFiltering - skip non existing resourceDirectory C:\Users\astut\OneDrive\Desktop\Project\AuthService\src\test\resources
2026-03-29 21:51:39,500 [Worker-27: Building] INFO  o.a.m.s.f.DefaultMavenResourcesFiltering - Copying 1 resource from src\main\resources to target\classes
2026-03-29 21:51:39,507 [Worker-27: Building] INFO  o.a.m.s.f.DefaultMavenResourcesFiltering - Copying 0 resource from src\main\resources to target\classes
2026-03-29 21:51:39,513 [Worker-27: Building] INFO  o.a.m.s.f.DefaultMavenResourcesFiltering - skip non existing resourceDirectory C:\Users\astut\OneDrive\Desktop\Project\AuthService\src\test\resources
2026-03-29 21:55:32,697 [Worker-27: Building] INFO  o.a.m.s.f.DefaultMavenResourcesFiltering - Copying 1 resource from src\main\resources to target\classes
2026-03-29 21:55:32,704 [Worker-27: Building] INFO  o.a.m.s.f.DefaultMavenResourcesFiltering - Copying 0 resource from src\main\resources to target\classes
2026-03-29 21:55:32,708 [Worker-27: Building] INFO  o.a.m.s.f.DefaultMavenResourcesFiltering - skip non existing resourceDirectory C:\Users\astut\OneDrive\Desktop\Project\AuthService\src\test\resources
2026-03-29 21:55:39,687 [Worker-27: Building] INFO  o.a.m.s.f.DefaultMavenResourcesFiltering - Copying 1 resource from src\main\resources to target\classes
2026-03-29 21:55:39,691 [Worker-27: Building] INFO  o.a.m.s.f.DefaultMavenResourcesFiltering - Copying 0 resource from src\main\resources to target\classes
2026-03-29 21:55:39,693 [Worker-27: Building] INFO  o.a.m.s.f.DefaultMavenResourcesFiltering - skip non existing resourceDirectory C:\Users\astut\OneDrive\Desktop\Project\AuthService\src\test\resources
2026-03-29 21:56:31,443 [Worker-32: Building] INFO  o.a.m.s.f.DefaultMavenResourcesFiltering - Copying 1 resource from src\main\resources to target\classes
2026-03-29 21:56:31,448 [Worker-32: Building] INFO  o.a.m.s.f.DefaultMavenResourcesFiltering - Copying 0 resource from src\main\resources to target\classes
2026-03-29 21:56:31,451 [Worker-32: Building] INFO  o.a.m.s.f.DefaultMavenResourcesFiltering - skip non existing resourceDirectory C:\Users\astut\OneDrive\Desktop\Project\AuthService\src\test\resources
2026-03-29 21:57:37,469 [Worker-31: Building] INFO  o.a.m.s.f.DefaultMavenResourcesFiltering - Copying 1 resource from src\main\resources to target\classes
2026-03-29 21:57:37,475 [Worker-31: Building] INFO  o.a.m.s.f.DefaultMavenResourcesFiltering - Copying 0 resource from src\main\resources to target\classes
2026-03-29 21:57:37,478 [Worker-31: Building] INFO  o.a.m.s.f.DefaultMavenResourcesFiltering - skip non existing resourceDirectory C:\Users\astut\OneDrive\Desktop\Project\AuthService\src\test\resources
2026-03-29 22:50:05,484 [Worker-34: Building] INFO  o.a.m.s.f.DefaultMavenResourcesFiltering - Copying 1 resource from src\main\resources to target\classes
2026-03-29 22:50:05,515 [Worker-34: Building] INFO  o.a.m.s.f.DefaultMavenResourcesFiltering - Copying 0 resource from src\main\resources to target\classes
2026-03-29 22:50:05,517 [Worker-34: Building] INFO  o.a.m.s.f.DefaultMavenResourcesFiltering - skip non existing resourceDirectory C:\Users\astut\OneDrive\Desktop\Project\AuthService\src\test\resources
2026-03-29 22:55:47,352 [Worker-39: Building] INFO  o.a.m.s.f.DefaultMavenResourcesFiltering - Copying 1 resource from src\main\resources to target\classes
2026-03-29 22:55:47,363 [Worker-39: Building] INFO  o.a.m.s.f.DefaultMavenResourcesFiltering - Copying 0 resource from src\main\resources to target\classes
2026-03-29 22:55:47,366 [Worker-39: Building] INFO  o.a.m.s.f.DefaultMavenResourcesFiltering - skip non existing resourceDirectory C:\Users\astut\OneDrive\Desktop\Project\AuthService\src\test\resources
2026-03-29 22:56:20,548 [Worker-27: Building] INFO  o.a.m.s.f.DefaultMavenResourcesFiltering - Copying 1 resource from src\main\resources to target\classes
2026-03-29 22:56:20,556 [Worker-27: Building] INFO  o.a.m.s.f.DefaultMavenResourcesFiltering - Copying 0 resource from src\main\resources to target\classes
2026-03-29 22:56:20,558 [Worker-27: Building] INFO  o.a.m.s.f.DefaultMavenResourcesFiltering - skip non existing resourceDirectory C:\Users\astut\OneDrive\Desktop\Project\AuthService\src\test\resources
2026-03-29 22:58:55,657 [Worker-38: Building] INFO  o.a.m.s.f.DefaultMavenResourcesFiltering - Copying 1 resource from src\main\resources to target\classes
2026-03-29 22:58:55,665 [Worker-38: Building] INFO  o.a.m.s.f.DefaultMavenResourcesFiltering - Copying 0 resource from src\main\resources to target\classes
2026-03-29 22:58:55,668 [Worker-38: Building] INFO  o.a.m.s.f.DefaultMavenResourcesFiltering - skip non existing resourceDirectory C:\Users\astut\OneDrive\Desktop\Project\AuthService\src\test\resources
2026-03-29 23:00:30,029 [Worker-39: Building] INFO  o.a.m.s.f.DefaultMavenResourcesFiltering - Copying 1 resource from src\main\resources to target\classes
2026-03-29 23:00:30,034 [Worker-39: Building] INFO  o.a.m.s.f.DefaultMavenResourcesFiltering - Copying 0 resource from src\main\resources to target\classes
2026-03-29 23:00:30,035 [Worker-39: Building] INFO  o.a.m.s.f.DefaultMavenResourcesFiltering - skip non existing resourceDirectory C:\Users\astut\OneDrive\Desktop\Project\AuthService\src\test\resources
2026-03-30 10:47:39,990 [Worker-5: Loading available Gradle versions] INFO  o.e.b.c.i.u.g.PublishedGradleVersions - Gradle version information cache is up-to-date. Trying to read.
2026-03-30 10:47:49,906 [Worker-13: Building] INFO  o.e.m.c.i.l.LifecycleMappingFactory - Using org.eclipse.m2e.jdt.JarLifecycleMapping lifecycle mapping for MavenProject: com.example:AuthService:0.0.1-SNAPSHOT @ C:\Users\astut\OneDrive\Desktop\Project\AuthService\pom.xml.
2026-03-30 10:47:56,412 [Worker-13: Building] INFO  o.a.m.s.f.DefaultMavenResourcesFiltering - Copying 1 resource from src\main\resources to target\classes
2026-03-30 10:47:56,451 [Worker-13: Building] INFO  o.a.m.s.f.DefaultMavenResourcesFiltering - Copying 0 resource from src\main\resources to target\classes
2026-03-30 10:47:56,464 [Worker-13: Building] INFO  o.a.m.s.f.DefaultMavenResourcesFiltering - skip non existing resourceDirectory C:\Users\astut\OneDrive\Desktop\Project\AuthService\src\test\resources
